arm_id,canonical_id,stage,origin,activated_at,status,relation,contract_hash,contract_exact_group_size,economic_fingerprint,economic_family_size,dispatch_path,entry_family,exit_family,entry_fingerprint,exit_fingerprint,execution_fingerprint,revision_equivalence_group,frozen_buys,frozen_positions,frozen_tokens,delta_decisions,delta_opportunities,delta_buys,delta_buy_opportunities,contaminations,entry_detail,exit_detail,execution_detail
canonical-0006b989b189e0ac,canonical-0006b989b189e0ac,1,frozen_map,2026-09-06T15:29:28.508111Z,active_with_buy,exact_duplicate,359c7093b68ea197,6,1d25a5fc208a7196,6,main_snapshot_exact_family,broad_launch,fast_escape,b32d3b36814d8cc7,904fc369870dac70,9c77660c388d6fc6,,104,104,103,1211,1211,87,87,0,"{""dispatch"":{""entry_family"":""broad_launch"",""entry_gate"":""v6_asof_family"",""mode"":""main_snapshot_dispatch"",""path"":""main_snapshot_exact_family""},""fields"":{""entry_family"":""broad_launch"",""entry_filter"":{""min_m5_trades"":3,""min_m5_volume_usd"":200.0},""entry_gate"":""v6_asof_family""}}","{""exact_risk_alerts"":""shared_preemptive"",""exit_family"":""fast_escape"",""exit_mode"":""executable_equity_dynamic_backoff"",""hard_stop_return"":-0.2,""max_hold_minutes"":30.0,""take_profit"":[{""fraction_of_remaining"":1.0,""return"":0.8}],""trailing_activate_return"":0.25,""trailing_drawdown"":0.12}","{""_execution"":{""additional_fee_usd_each_fill"":0.0,""buy_slippage_bps"":400,""min_pool_liquidity_usd"":1000.0,""sell_slippage_bps"":400},""execution_profile"":""dexscreener-market-paper/v2-before-after""}"
canonical-0186f1e75b238e63,canonical-0186f1e75b238e63,2,frozen_map,2026-09-06T15:29:28.508111Z,active_with_buy,exact_duplicate,0d4950a1f1d06ca5,6,98aadae68976e129,6,main_snapshot_exact_family,flow_burst,peak_guard,f6ccfc52d5200c2d,7a6c26e429481f73,9c77660c388d6fc6,main_mature_flow_acceleration_v2,0,0,0,1,1,1,1,0,"{""dispatch"":{""entry_family"":""flow_burst"",""entry_gate"":""v6_asof_family"",""mode"":""main_snapshot_dispatch"",""path"":""main_snapshot_exact_family""},""fields"":{""entry_family"":""flow_burst"",""entry_filter"":{""max_age_seconds_exclusive"":21600.0,""min_age_seconds"":3600.0,""min_m5_trades"":8,""min_m5_volume_usd"":500.0},""entry_gate"":""v6_asof_family""}}","{""exact_risk_alerts"":""shared_preemptive"",""exit_family"":""peak_guard"",""exit_mode"":""executable_equity_dynamic_backoff"",""hard_stop_return"":-0.35,""max_hold_minutes"":240.0,""take_profit"":[{""fraction_of_remaining"":0.2,""return"":0.8},{""fraction_of_remaining"":0.25,""return"":1.8},{""fraction_of_remaining"":0.35,""return"":3.5},{""fraction_of_remaining"":1.0,""return"":7.0}],""trailing_activate_return"":0.4,""trailing_drawdown"":0.15}","{""_execution"":{""additional_fee_usd_each_fill"":0.0,""buy_slippage_bps"":400,""min_pool_liquidity_usd"":1000.0,""sell_slippage_bps"":400},""execution_profile"":""dexscreener-market-paper/v2-before-after""}"
canonical-0356dc612c90a689,canonical-0356dc612c90a689,3,frozen_map,2026-09-06T15:29:28.508111Z,active_with_buy,exact_duplicate,359c7093b68ea197,6,1d25a5fc208a7196,6,main_snapshot_exact_family,broad_launch,fast_escape,b32d3b36814d8cc7,904fc369870dac70,9c77660c388d6fc6,,104,104,103,1211,1211,87,87,0,"{""dispatch"":{""entry_family"":""broad_launch"",""entry_gate"":""v6_asof_family"",""mode"":""main_snapshot_dispatch"",""path"":""main_snapshot_exact_family""},""fields"":{""entry_family"":""broad_launch"",""entry_filter"":{""min_m5_trades"":3,""min_m5_volume_usd"":200.0},""entry_gate"":""v6_asof_family""}}","{""exact_risk_alerts"":""shared_preemptive"",""exit_family"":""fast_escape"",""exit_mode"":""executable_equity_dynamic_backoff"",""hard_stop_return"":-0.2,""max_hold_minutes"":30.0,""take_profit"":[{""fraction_of_remaining"":1.0,""return"":0.8}],""trailing_activate_return"":0.25,""trailing_drawdown"":0.12}","{""_execution"":{""additional_fee_usd_each_fill"":0.0,""buy_slippage_bps"":400,""min_pool_liquidity_usd"":1000.0,""sell_slippage_bps"":400},""execution_profile"":""dexscreener-market-paper/v2-before-after""}"
canonical-035ad2cf0cb0f6a5,canonical-035ad2cf0cb0f6a5,4,frozen_map,2026-09-06T15:29:28.508111Z,active_with_buy,exact_duplicate,68f1cd94234f5955,6,ff2ead6fc0c42cd3,6,main_snapshot_exact_family,broad_launch,peak_guard,bc45788e868e4283,082154299726d028,9c77660c388d6fc6,,70,70,70,1475,1475,97,97,0,"{""dispatch"":{""entry_family"":""broad_launch"",""entry_gate"":""v6_asof_family"",""mode"":""main_snapshot_dispatch"",""path"":""main_snapshot_exact_family""},""fields"":{""entry_family"":""broad_launch"",""entry_gate"":""v6_asof_family""}}","{""exact_risk_alerts"":""shared_preemptive"",""exit_family"":""peak_guard"",""exit_mode"":""executable_equity_dynamic_backoff"",""hard_stop_return"":-0.35,""max_hold_minutes"":240.0,""revision_exit_kind"":""l0_loss_deterioration"",""revision_exit_policy"":{""maximum_frame_age_seconds"":30.0,""minimum_bad_frames"":2,""minimum_frame_span_seconds"":5.0,""minimum_hold_seconds"":60.0,""version"":""l0-loss-deterioration/v1""},""take_profit"":[{""fraction_of_remaining"":0.2,""return"":0.8},{""fraction_of_remaining"":0.25,""return"":1.8},{""fraction_of_remaining"":0.35,""return"":3.5},{""fraction_of_remaining"":1.0,""return"":7.0}],""trailing_activate_return"":0.4,""trailing_drawdown"":0.15}","{""_execution"":{""additional_fee_usd_each_fill"":0.0,""buy_slippage_bps"":400,""min_pool_liquidity_usd"":1000.0,""sell_slippage_bps"":400},""execution_profile"":""dexscreener-market-paper/v2-before-after""}"
canonical-05005fdaa932d3d0,canonical-05005fdaa932d3d0,5,frozen_map,2026-09-06T15:29:28.508111Z,active_with_buy,same_entry_different_exit,7a1e0db231d4e7d3,1,9561f6f4752cc168,1,main_snapshot_exact_family,shadow_momentum,activity,d46c0bb068581528,9c9e296a942a36f6,9c77660c388d6fc6,,73,73,72,518,518,64,64,0,"{""dispatch"":{""entry_family"":""shadow_momentum"",""entry_gate"":null,""mode"":""main_snapshot_dispatch"",""path"":""main_snapshot_exact_family""},""fields"":{""entry_family"":""shadow_momentum""}}","{""capital_exit_kind"":""l0_loss_deterioration"",""capital_exit_policy"":{""maximum_frame_age_seconds"":30.0,""minimum_bad_frames"":2,""minimum_frame_span_seconds"":5.0,""minimum_hold_seconds"":60.0,""version"":""l0-loss-deterioration/v1""},""exit_family"":""activity"",""max_hold_minutes"":240.0,""zero_activity_grace_minutes"":5.0}","{""_execution"":{""additional_fee_usd_each_fill"":0.0,""buy_slippage_bps"":400,""min_pool_liquidity_usd"":1000.0,""sell_slippage_bps"":400},""execution_profile"":""dexscreener-market-paper/v2-before-after""}"
canonical-058b868fbd1d8065,canonical-058b868fbd1d8065,6,frozen_map,2026-09-06T15:29:28.508111Z,active_with_buy,exact_duplicate,0d4950a1f1d06ca5,6,98aadae68976e129,6,main_snapshot_exact_family,flow_burst,peak_guard,f6ccfc52d5200c2d,7a6c26e429481f73,9c77660c388d6fc6,main_mature_flow_acceleration_v2,0,0,0,1,1,1,1,0,"{""dispatch"":{""entry_family"":""flow_burst"",""entry_gate"":""v6_asof_family"",""mode"":""main_snapshot_dispatch"",""path"":""main_snapshot_exact_family""},""fields"":{""entry_family"":""flow_burst"",""entry_filter"":{""max_age_seconds_exclusive"":21600.0,""min_age_seconds"":3600.0,""min_m5_trades"":8,""min_m5_volume_usd"":500.0},""entry_gate"":""v6_asof_family""}}","{""exact_risk_alerts"":""shared_preemptive"",""exit_family"":""peak_guard"",""exit_mode"":""executable_equity_dynamic_backoff"",""hard_stop_return"":-0.35,""max_hold_minutes"":240.0,""take_profit"":[{""fraction_of_remaining"":0.2,""return"":0.8},{""fraction_of_remaining"":0.25,""return"":1.8},{""fraction_of_remaining"":0.35,""return"":3.5},{""fraction_of_remaining"":1.0,""return"":7.0}],""trailing_activate_return"":0.4,""trailing_drawdown"":0.15}","{""_execution"":{""additional_fee_usd_each_fill"":0.0,""buy_slippage_bps"":400,""min_pool_liquidity_usd"":1000.0,""sell_slippage_bps"":400},""execution_profile"":""dexscreener-market-paper/v2-before-after""}"
canonical-0ad93cd8a7bec9ec,canonical-0ad93cd8a7bec9ec,7,frozen_map,2026-09-06T15:29:28.508111Z,active_with_buy,same_entry_different_exit,0ad93cd8a7bec9ec,1,4660e006205db4d5,6,main_snapshot_exact_family,flow_burst,balanced_harvest,09e87a237979d7b9,c577ef160c73552d,9c77660c388d6fc6,,3,3,3,9,9,6,6,0,"{""dispatch"":{""entry_family"":""flow_burst"",""entry_gate"":""v6_asof_family"",""mode"":""main_snapshot_dispatch"",""path"":""main_snapshot_exact_family""},""fields"":{""entry_family"":""flow_burst"",""entry_gate"":""v6_asof_family""}}","{""exact_risk_alerts"":""shared_preemptive"",""exit_family"":""balanced_harvest"",""exit_mode"":""executable_equity_dynamic_backoff"",""hard_stop_return"":-0.35,""max_hold_minutes"":240.0,""take_profit"":[{""fraction_of_remaining"":0.2,""return"":0.8},{""fraction_of_remaining"":0.25,""return"":1.8},{""fraction_of_remaining"":0.35,""return"":3.5},{""fraction_of_remaining"":1.0,""return"":7.0}],""trailing_activate_return"":0.6,""trailing_drawdown"":0.28}","{""_execution"":{""additional_fee_usd_each_fill"":0.0,""buy_slippage_bps"":400,""min_pool_liquidity_usd"":1000.0,""sell_slippage_bps"":400},""execution_profile"":""dexscreener-market-paper/v2-before-after""}"
canonical-0c198e6aa30fa049,canonical-0c198e6aa30fa049,8,frozen_map,2026-09-06T15:29:28.508111Z,active_with_buy,same_entry_different_exit,0c198e6aa30fa049,1,4003ab6f56f1557d,6,main_snapshot_exact_family,flow_burst,peak_guard,09e87a237979d7b9,7a6c26e429481f73,9c77660c388d6fc6,,3,3,3,9,9,6,6,0,"{""dispatch"":{""entry_family"":""flow_burst"",""entry_gate"":""v6_asof_family"",""mode"":""main_snapshot_dispatch"",""path"":""main_snapshot_exact_family""},""fields"":{""entry_family"":""flow_burst"",""entry_gate"":""v6_asof_family""}}","{""exact_risk_alerts"":""shared_preemptive"",""exit_family"":""peak_guard"",""exit_mode"":""executable_equity_dynamic_backoff"",""hard_stop_return"":-0.35,""max_hold_minutes"":240.0,""take_profit"":[{""fraction_of_remaining"":0.2,""return"":0.8},{""fraction_of_remaining"":0.25,""return"":1.8},{""fraction_of_remaining"":0.35,""return"":3.5},{""fraction_of_remaining"":1.0,""return"":7.0}],""trailing_activate_return"":0.4,""trailing_drawdown"":0.15}","{""_execution"":{""additional_fee_usd_each_fill"":0.0,""buy_slippage_bps"":400,""min_pool_liquidity_usd"":1000.0,""sell_slippage_bps"":400},""execution_profile"":""dexscreener-market-paper/v2-before-after""}"
canonical-0cd0f3c790d85ca5,canonical-0cd0f3c790d85ca5,9,frozen_map,2026-09-06T15:29:28.508111Z,active_with_buy,same_entry_different_exit,0d4b3387e20025d9,1,72232dbbe0f4789d,1,main_snapshot_exact_family,shadow_momentum,fixed,d46c0bb068581528,06c26d9d32f607e1,9c77660c388d6fc6,,70,70,69,518,518,40,40,0,"{""dispatch"":{""entry_family"":""shadow_momentum"",""entry_gate"":null,""mode"":""main_snapshot_dispatch"",""path"":""main_snapshot_exact_family""},""fields"":{""entry_family"":""shadow_momentum""}}","{""exit_family"":""fixed"",""max_hold_minutes"":60.0,""revision_exit_kind"":""l0_loss_deterioration"",""revision_exit_policy"":{""maximum_frame_age_seconds"":30.0,""minimum_bad_frames"":2,""minimum_frame_span_seconds"":5.0,""minimum_hold_seconds"":60.0,""version"":""l0-loss-deterioration/v1""}}","{""_execution"":{""additional_fee_usd_each_fill"":0.0,""buy_slippage_bps"":400,""min_pool_liquidity_usd"":1000.0,""sell_slippage_bps"":400},""execution_profile"":""dexscreener-market-paper/v2-before-after""}"
canonical-0d7caccf76779d74,canonical-0d7caccf76779d74,10,frozen_map,2026-09-06T15:29:28.508111Z,active_with_buy,same_entry_different_exit,d88d9aa25c79d7b6,1,4019eadfd79e875d,1,main_snapshot_exact_family,shadow_momentum,trailing,d46c0bb068581528,a502e6f9dea4725e,9c77660c388d6fc6,,93,93,92,518,518,64,64,0,"{""dispatch"":{""entry_family"":""shadow_momentum"",""entry_gate"":null,""mode"":""main_snapshot_dispatch"",""path"":""main_snapshot_exact_family""},""fields"":{""entry_family"":""shadow_momentum""}}","{""exit_family"":""trailing"",""max_hold_minutes"":240.0,""revision_exit_kind"":""l0_loss_deterioration"",""revision_exit_policy"":{""maximum_frame_age_seconds"":30.0,""minimum_bad_frames"":2,""minimum_frame_span_seconds"":5.0,""minimum_hold_seconds"":60.0,""version"":""l0-loss-deterioration/v1""},""trailing_activate_return"":0.6,""trailing_drawdown"":0.28}","{""_execution"":{""additional_fee_usd_each_fill"":0.0,""buy_slippage_bps"":400,""min_pool_liquidity_usd"":1000.0,""sell_slippage_bps"":400},""execution_profile"":""dexscreener-market-paper/v2-before-after""}"
canonical-0df3639e1824ad0f,canonical-0df3639e1824ad0f,11,frozen_map,2026-09-06T15:29:28.508111Z,active_with_buy,exact_duplicate,465d2ede0b14bcb3,6,8ac2d751c1c554c6,6,main_snapshot_exact_family,broad_launch,balanced_harvest,bc45788e868e4283,49276e46c9331349,9c77660c388d6fc6,broad_balanced_harvest_flow_exit_v2,111,111,111,1475,1475,51,51,0,"{""dispatch"":{""entry_family"":""broad_launch"",""entry_gate"":""v6_asof_family"",""mode"":""main_snapshot_dispatch"",""path"":""main_snapshot_exact_family""},""fields"":{""entry_family"":""broad_launch"",""entry_gate"":""v6_asof_family""}}","{""exact_risk_alerts"":""shared_preemptive"",""exit_family"":""balanced_harvest"",""exit_mode"":""executable_equity_dynamic_backoff"",""flow_grace_minutes"":15.0,""hard_stop_return"":-0.35,""max_hold_minutes"":240.0,""minimum_buy_ratio"":0.45,""take_profit"":[{""fraction_of_remaining"":0.2,""return"":0.8},{""fraction_of_remaining"":0.25,""return"":1.8},{""fraction_of_remaining"":0.35,""return"":3.5},{""fraction_of_remaining"":1.0,""return"":7.0}],""trailing_activate_return"":0.6,""trailing_drawdown"":0.28,""zero_activity_grace_minutes"":15.0}","{""_execution"":{""additional_fee_usd_each_fill"":0.0,""buy_slippage_bps"":400,""min_pool_liquidity_usd"":1000.0,""sell_slippage_bps"":400},""execution_profile"":""dexscreener-market-paper/v2-before-after""}"
dex-successor-012-0eea3c62cb7bacc4,canonical-0eea3c62cb7bacc4,12,frozen_map,2026-09-06T15:29:28.508111Z,active_with_buy,exact_duplicate,8283ae3c2496a12e,2,058634584f8a6402,2,main_snapshot_dex_visible,dex_visible_successor,dynamic_backoff,c1eec25962fc878d,dfd05a4526391658,0f7e88b93e951ca8,,115,115,115,1242,1242,51,51,0,"{""dispatch"":{""entry_family"":""dex_visible_successor"",""mode"":""dex_visible"",""path"":""main_snapshot_dex_visible""},""fields"":{""entry_family"":""dex_visible_successor"",""entry_filter"":{""min_m5_trades"":3,""min_m5_volume_usd"":200.0},""entry_gate"":""solana_focus"",""entry_match_mode"":""dex_visible""}}","{""emergency_liquidity_usd"":3000.0,""exit_family"":""dynamic_backoff"",""exit_mode"":""dynamic_backoff"",""hard_stop_return"":-0.35,""max_hold_minutes"":240.0,""take_profit"":[{""fraction_of_remaining"":0.2,""return"":0.8},{""fraction_of_remaining"":0.25,""return"":1.8},{""fraction_of_remaining"":0.35,""return"":3.5},{""fraction_of_remaining"":1.0,""return"":7.0}],""trailing_activate_return"":0.6,""trailing_drawdown"":0.28,""zero_activity_grace_minutes"":5.0}","{""_execution"":{""additional_fee_usd_each_fill"":0.0,""buy_slippage_bps"":400,""min_pool_liquidity_usd"":1000.0,""sell_slippage_bps"":400},""execution_profile"":""dexscreener-market-paper/v3-successor""}"
canonical-10af25fd9780e2af,canonical-10af25fd9780e2af,13,frozen_map,2026-09-06T15:29:28.508111Z,active_with_buy,same_entry_different_exit,10af25fd9780e2af,1,4660e006205db4d5,6,main_snapshot_exact_family,flow_burst,balanced_harvest,09e87a237979d7b9,c577ef160c73552d,9c77660c388d6fc6,,3,3,3,9,9,6,6,0,"{""dispatch"":{""entry_family"":""flow_burst"",""entry_gate"":""v6_asof_family"",""mode"":""main_snapshot_dispatch"",""path"":""main_snapshot_exact_family""},""fields"":{""entry_family"":""flow_burst"",""entry_gate"":""v6_asof_family""}}","{""exact_risk_alerts"":""shared_preemptive"",""exit_family"":""balanced_harvest"",""exit_mode"":""executable_equity_dynamic_backoff"",""hard_stop_return"":-0.35,""max_hold_minutes"":240.0,""take_profit"":[{""fraction_of_remaining"":0.2,""return"":0.8},{""fraction_of_remaining"":0.25,""return"":1.8},{""fraction_of_remaining"":0.35,""return"":3.5},{""fraction_of_remaining"":1.0,""return"":7.0}],""trailing_activate_return"":0.6,""trailing_drawdown"":0.28}","{""_execution"":{""additional_fee_usd_each_fill"":0.0,""buy_slippage_bps"":400,""min_pool_liquidity_usd"":1000.0,""sell_slippage_bps"":400},""execution_profile"":""dexscreener-market-paper/v2-before-after""}"
dex-successor-014-1375c87c13cb1de1,canonical-1375c87c13cb1de1,14,frozen_map,2026-09-06T15:29:28.508111Z,active_with_buy,exact_duplicate,7c383f78d1358153,2,be2c1e9600d71214,2,main_snapshot_exact_family,flow_burst,postbuy_research,5c6be3cf073c16c5,d00083d03630d3f8,0f7e88b93e951ca8,main_mature_flow_acceleration_v2,0,0,0,1,1,1,1,0,"{""dispatch"":{""entry_family"":""flow_burst"",""entry_gate"":""v6_asof_family"",""mode"":""exact_entry_family"",""path"":""main_snapshot_exact_family""},""fields"":{""entry_family"":""flow_burst"",""entry_filter"":{""max_age_seconds_exclusive"":21600.0,""min_age_seconds"":3600.0,""min_m5_trades"":8,""min_m5_volume_usd"":500.0},""entry_gate"":""v6_asof_family"",""entry_match_mode"":""exact_entry_family""}}","{""dex_positive_trailing_drawdown"":0.35,""dex_research_delay_minutes"":1.0,""dex_research_min_buy_ratio"":0.55,""dex_research_min_volume_5m_usd"":1000.0,""exact_risk_alerts"":""shared_preemptive"",""exit_family"":""postbuy_research"",""exit_mode"":""market_mark_dynamic_one_shot_sell"",""hard_stop_return"":-0.35,""max_hold_minutes"":240.0,""take_profit"":[{""fraction_of_remaining"":0.2,""return"":0.8},{""fraction_of_remaining"":0.25,""return"":1.8},{""fraction_of_remaining"":0.35,""return"":3.5},{""fraction_of_remaining"":1.0,""return"":7.0}],""trailing_activate_return"":0.6,""trailing_drawdown"":0.28}","{""_execution"":{""additional_fee_usd_each_fill"":0.0,""buy_slippage_bps"":400,""min_pool_liquidity_usd"":1000.0,""sell_slippage_bps"":400},""execution_profile"":""dexscreener-market-paper/v3-successor""}"
canonical-18d8ce34c0112abb,canonical-18d8ce34c0112abb,15,frozen_map,2026-09-06T15:29:28.508111Z,active_with_buy,exact_duplicate,7c8fb78641cf1625,6,cf17fff932331f64,6,main_snapshot_exact_family,flow_burst,fast_escape,f6ccfc52d5200c2d,904fc369870dac70,9c77660c388d6fc6,main_mature_flow_acceleration_v2,0,0,0,1,1,1,1,0,"{""dispatch"":{""entry_family"":""flow_burst"",""entry_gate"":""v6_asof_family"",""mode"":""main_snapshot_dispatch"",""path"":""main_snapshot_exact_family""},""fields"":{""entry_family"":""flow_burst"",""entry_filter"":{""max_age_seconds_exclusive"":21600.0,""min_age_seconds"":3600.0,""min_m5_trades"":8,""min_m5_volume_usd"":500.0},""entry_gate"":""v6_asof_family""}}","{""exact_risk_alerts"":""shared_preemptive"",""exit_family"":""fast_escape"",""exit_mode"":""executable_equity_dynamic_backoff"",""hard_stop_return"":-0.2,""max_hold_minutes"":30.0,""take_profit"":[{""fraction_of_remaining"":1.0,""return"":0.8}],""trailing_activate_return"":0.25,""trailing_drawdown"":0.12}","{""_execution"":{""additional_fee_usd_each_fill"":0.0,""buy_slippage_bps"":400,""min_pool_liquidity_usd"":1000.0,""sell_slippage_bps"":400},""execution_profile"":""dexscreener-market-paper/v2-before-after""}"
canonical-195049e27d177b1f,canonical-195049e27d177b1f,16,frozen_map,2026-09-06T15:29:28.508111Z,active_with_buy,same_entry_different_exit,1ede5cf7e7469af9,1,1e1aa12d5104b3d5,1,main_snapshot_exact_family,shadow_momentum,liquidity,d46c0bb068581528,0214916170f4f4eb,9c77660c388d6fc6,,66,66,65,518,518,58,58,0,"{""dispatch"":{""entry_family"":""shadow_momentum"",""entry_gate"":null,""mode"":""main_snapshot_dispatch"",""path"":""main_snapshot_exact_family""},""fields"":{""entry_family"":""shadow_momentum""}}","{""emergency_liquidity_usd"":3000.0,""exit_family"":""liquidity"",""max_hold_minutes"":240.0,""revision_exit_kind"":""l0_loss_deterioration"",""revision_exit_policy"":{""maximum_frame_age_seconds"":30.0,""minimum_bad_frames"":2,""minimum_frame_span_seconds"":5.0,""minimum_hold_seconds"":60.0,""version"":""l0-loss-deterioration/v1""}}","{""_execution"":{""additional_fee_usd_each_fill"":0.0,""buy_slippage_bps"":400,""min_pool_liquidity_usd"":1000.0,""sell_slippage_bps"":400},""execution_profile"":""dexscreener-market-paper/v2-before-after""}"
canonical-19b9d4d442fde1ab,canonical-19b9d4d442fde1ab,17,frozen_map,2026-09-06T15:29:28.508111Z,active_with_buy,exact_duplicate,359c7093b68ea197,6,1d25a5fc208a7196,6,main_snapshot_exact_family,broad_launch,fast_escape,b32d3b36814d8cc7,904fc369870dac70,9c77660c388d6fc6,,104,104,103,1211,1211,87,87,0,"{""dispatch"":{""entry_family"":""broad_launch"",""entry_gate"":""v6_asof_family"",""mode"":""main_snapshot_dispatch"",""path"":""main_snapshot_exact_family""},""fields"":{""entry_family"":""broad_launch"",""entry_filter"":{""min_m5_trades"":3,""min_m5_volume_usd"":200.0},""entry_gate"":""v6_asof_family""}}","{""exact_risk_alerts"":""shared_preemptive"",""exit_family"":""fast_escape"",""exit_mode"":""executable_equity_dynamic_backoff"",""hard_stop_return"":-0.2,""max_hold_minutes"":30.0,""take_profit"":[{""fraction_of_remaining"":1.0,""return"":0.8}],""trailing_activate_return"":0.25,""trailing_drawdown"":0.12}","{""_execution"":{""additional_fee_usd_each_fill"":0.0,""buy_slippage_bps"":400,""min_pool_liquidity_usd"":1000.0,""sell_slippage_bps"":400},""execution_profile"":""dexscreener-market-paper/v2-before-after""}"
canonical-1c2ac45bb5154011,canonical-1c2ac45bb5154011,18,frozen_map,2026-09-06T15:29:28.508111Z,active_with_buy,exact_duplicate,359c7093b68ea197,6,1d25a5fc208a7196,6,main_snapshot_exact_family,broad_launch,fast_escape,b32d3b36814d8cc7,904fc369870dac70,9c77660c388d6fc6,,104,104,103,1211,1211,87,87,0,"{""dispatch"":{""entry_family"":""broad_launch"",""entry_gate"":""v6_asof_family"",""mode"":""main_snapshot_dispatch"",""path"":""main_snapshot_exact_family""},""fields"":{""entry_family"":""broad_launch"",""entry_filter"":{""min_m5_trades"":3,""min_m5_volume_usd"":200.0},""entry_gate"":""v6_asof_family""}}","{""exact_risk_alerts"":""shared_preemptive"",""exit_family"":""fast_escape"",""exit_mode"":""executable_equity_dynamic_backoff"",""hard_stop_return"":-0.2,""max_hold_minutes"":30.0,""take_profit"":[{""fraction_of_remaining"":1.0,""return"":0.8}],""trailing_activate_return"":0.25,""trailing_drawdown"":0.12}","{""_execution"":{""additional_fee_usd_each_fill"":0.0,""buy_slippage_bps"":400,""min_pool_liquidity_usd"":1000.0,""sell_slippage_bps"":400},""execution_profile"":""dexscreener-market-paper/v2-before-after""}"
dex-successor-019-1d5937dec4e156d4,canonical-1d5937dec4e156d4,19,frozen_map,2026-09-06T15:29:28.508111Z,active_with_buy,exact_duplicate,7c383f78d1358153,6,9d9c06b0bcf61aae,6,main_snapshot_exact_family,flow_burst,postbuy_research,5c6be3cf073c16c5,af1a5cdd1e35f809,0f7e88b93e951ca8,main_mature_flow_acceleration_v2,0,0,0,1,1,1,1,0,"{""dispatch"":{""entry_family"":""flow_burst"",""entry_gate"":""v6_asof_family"",""mode"":""exact_entry_family"",""path"":""main_snapshot_exact_family""},""fields"":{""entry_family"":""flow_burst"",""entry_filter"":{""max_age_seconds_exclusive"":21600.0,""min_age_seconds"":3600.0,""min_m5_trades"":8,""min_m5_volume_usd"":500.0},""entry_gate"":""v6_asof_family"",""entry_match_mode"":""exact_entry_family""}}","{""dex_positive_trailing_drawdown"":0.35,""dex_research_delay_minutes"":1.0,""dex_research_min_buy_ratio"":0.55,""dex_research_min_volume_5m_usd"":1000.0,""exact_risk_alerts"":""shared_preemptive"",""exit_family"":""postbuy_research"",""exit_mode"":""executable_equity_dynamic_backoff"",""hard_stop_return"":-0.35,""max_hold_minutes"":240.0,""take_profit"":[{""fraction_of_remaining"":0.2,""return"":0.8},{""fraction_of_remaining"":0.25,""return"":1.8},{""fraction_of_remaining"":0.35,""return"":3.5},{""fraction_of_remaining"":1.0,""return"":7.0}],""trailing_activate_return"":0.6,""trailing_drawdown"":0.28}","{""_execution"":{""additional_fee_usd_each_fill"":0.0,""buy_slippage_bps"":400,""min_pool_liquidity_usd"":1000.0,""sell_slippage_bps"":400},""execution_profile"":""dexscreener-market-paper/v3-successor""}"
canonical-1d9647200c714796,canonical-1d9647200c714796,20,frozen_map,2026-09-06T15:29:28.508111Z,active_with_buy,exact_duplicate,68f1cd94234f5955,2,5724ad28651ce878,2,main_snapshot_exact_family,broad_launch,peak_guard,bc45788e868e4283,a906ee95dee4708c,9c77660c388d6fc6,,70,70,70,1475,1475,97,97,0,"{""dispatch"":{""entry_family"":""broad_launch"",""entry_gate"":""v6_asof_family"",""mode"":""main_snapshot_dispatch"",""path"":""main_snapshot_exact_family""},""fields"":{""entry_family"":""broad_launch"",""entry_gate"":""v6_asof_family""}}","{""exact_risk_alerts"":""shared_preemptive"",""exit_family"":""peak_guard"",""exit_mode"":""market_mark_dynamic_one_shot_sell"",""hard_stop_return"":-0.35,""max_hold_minutes"":240.0,""revision_exit_kind"":""l0_loss_deterioration"",""revision_exit_policy"":{""maximum_frame_age_seconds"":30.0,""minimum_bad_frames"":2,""minimum_frame_span_seconds"":5.0,""minimum_hold_seconds"":60.0,""version"":""l0-loss-deterioration/v1""},""take_profit"":[{""fraction_of_remaining"":0.2,""return"":0.8},{""fraction_of_remaining"":0.25,""return"":1.8},{""fraction_of_remaining"":0.35,""return"":3.5},{""fraction_of_remaining"":1.0,""return"":7.0}],""trailing_activate_return"":0.4,""trailing_drawdown"":0.15}","{""_execution"":{""additional_fee_usd_each_fill"":0.0,""buy_slippage_bps"":400,""min_pool_liquidity_usd"":1000.0,""sell_slippage_bps"":400},""execution_profile"":""dexscreener-market-paper/v2-before-after""}"
canonical-1ef2715c090f60fb,canonical-1ef2715c090f60fb,21,frozen_map,2026-09-06T15:29:28.508111Z,active_with_buy,exact_duplicate,68f1cd94234f5955,6,ff2ead6fc0c42cd3,6,main_snapshot_exact_family,broad_launch,peak_guard,bc45788e868e4283,082154299726d028,9c77660c388d6fc6,,70,70,70,1475,1475,97,97,0,"{""dispatch"":{""entry_family"":""broad_launch"",""entry_gate"":""v6_asof_family"",""mode"":""main_snapshot_dispatch"",""path"":""main_snapshot_exact_family""},""fields"":{""entry_family"":""broad_launch"",""entry_gate"":""v6_asof_family""}}","{""exact_risk_alerts"":""shared_preemptive"",""exit_family"":""peak_guard"",""exit_mode"":""executable_equity_dynamic_backoff"",""hard_stop_return"":-0.35,""max_hold_minutes"":240.0,""revision_exit_kind"":""l0_loss_deterioration"",""revision_exit_policy"":{""maximum_frame_age_seconds"":30.0,""minimum_bad_frames"":2,""minimum_frame_span_seconds"":5.0,""minimum_hold_seconds"":60.0,""version"":""l0-loss-deterioration/v1""},""take_profit"":[{""fraction_of_remaining"":0.2,""return"":0.8},{""fraction_of_remaining"":0.25,""return"":1.8},{""fraction_of_remaining"":0.35,""return"":3.5},{""fraction_of_remaining"":1.0,""return"":7.0}],""trailing_activate_return"":0.4,""trailing_drawdown"":0.15}","{""_execution"":{""additional_fee_usd_each_fill"":0.0,""buy_slippage_bps"":400,""min_pool_liquidity_usd"":1000.0,""sell_slippage_bps"":400},""execution_profile"":""dexscreener-market-paper/v2-before-after""}"
canonical-22dbe223b3814f7f,canonical-22dbe223b3814f7f,22,frozen_map,2026-09-06T15:29:28.508111Z,active_with_buy,exact_duplicate,465d2ede0b14bcb3,2,efc78b22a2382747,2,main_snapshot_exact_family,broad_launch,balanced_harvest,bc45788e868e4283,a542da41c1e2b240,9c77660c388d6fc6,broad_balanced_harvest_flow_exit_v2,111,111,111,1475,1475,51,51,0,"{""dispatch"":{""entry_family"":""broad_launch"",""entry_gate"":""v6_asof_family"",""mode"":""main_snapshot_dispatch"",""path"":""main_snapshot_exact_family""},""fields"":{""entry_family"":""broad_launch"",""entry_gate"":""v6_asof_family""}}","{""exact_risk_alerts"":""shared_preemptive"",""exit_family"":""balanced_harvest"",""exit_mode"":""market_mark_dynamic_one_shot_sell"",""flow_grace_minutes"":15.0,""hard_stop_return"":-0.35,""max_hold_minutes"":240.0,""minimum_buy_ratio"":0.45,""take_profit"":[{""fraction_of_remaining"":0.2,""return"":0.8},{""fraction_of_remaining"":0.25,""return"":1.8},{""fraction_of_remaining"":0.35,""return"":3.5},{""fraction_of_remaining"":1.0,""return"":7.0}],""trailing_activate_return"":0.6,""trailing_drawdown"":0.28,""zero_activity_grace_minutes"":15.0}","{""_execution"":{""additional_fee_usd_each_fill"":0.0,""buy_slippage_bps"":400,""min_pool_liquidity_usd"":1000.0,""sell_slippage_bps"":400},""execution_profile"":""dexscreener-market-paper/v2-before-after""}"
canonical-2390fb342a6e90b6,canonical-2390fb342a6e90b6,23,frozen_map,2026-09-06T15:29:28.508111Z,active_with_buy,same_entry_different_exit,79c7562c5e28f789,1,0194a32b49139255,1,main_snapshot_exact_family,shadow_momentum,dynamic_with_15m_deadline,2845c39ca9de84e4,bf95a26a02ffdf05,9c77660c388d6fc6,,96,96,94,518,518,50,50,0,"{""dispatch"":{""entry_family"":""shadow_momentum"",""entry_gate"":""shadow_momentum"",""mode"":""main_snapshot_dispatch"",""path"":""main_snapshot_exact_family""},""fields"":{""entry_family"":""shadow_momentum"",""entry_gate"":""shadow_momentum""}}","{""emergency_liquidity_usd"":3000.0,""exit_family"":""dynamic_with_15m_deadline"",""exit_mode"":""dynamic_with_15m_deadline"",""hard_stop_return"":-0.35,""max_hold_minutes"":15.0,""revision_exit_kind"":""l0_loss_deterioration"",""revision_exit_policy"":{""maximum_frame_age_seconds"":30.0,""minimum_bad_frames"":2,""minimum_frame_span_seconds"":5.0,""minimum_hold_seconds"":60.0,""version"":""l0-loss-deterioration/v1""},""take_profit"":[{""fraction_of_remaining"":0.2,""return"":0.8},{""fraction_of_remaining"":0.25,""return"":1.8},{""fraction_of_remaining"":0.35,""return"":3.5},{""fraction_of_remaining"":1.0,""return"":7.0}],""trailing_activate_return"":0.6,""trailing_drawdown"":0.28,""zero_activity_grace_minutes"":5.0}","{""_execution"":{""additional_fee_usd_each_fill"":0.0,""buy_slippage_bps"":400,""min_pool_liquidity_usd"":1000.0,""sell_slippage_bps"":400},""execution_profile"":""dexscreener-market-paper/v2-before-after""}"
canonical-24ac3d4a360ab98c,canonical-24ac3d4a360ab98c,24,frozen_map,2026-09-06T15:29:28.508111Z,active_with_buy,exact_duplicate,68f1cd94234f5955,2,5724ad28651ce878,2,main_snapshot_exact_family,broad_launch,peak_guard,bc45788e868e4283,a906ee95dee4708c,9c77660c388d6fc6,,70,70,70,1475,1475,97,97,0,"{""dispatch"":{""entry_family"":""broad_launch"",""entry_gate"":""v6_asof_family"",""mode"":""main_snapshot_dispatch"",""path"":""main_snapshot_exact_family""},""fields"":{""entry_family"":""broad_launch"",""entry_gate"":""v6_asof_family""}}","{""exact_risk_alerts"":""shared_preemptive"",""exit_family"":""peak_guard"",""exit_mode"":""market_mark_dynamic_one_shot_sell"",""hard_stop_return"":-0.35,""max_hold_minutes"":240.0,""revision_exit_kind"":""l0_loss_deterioration"",""revision_exit_policy"":{""maximum_frame_age_seconds"":30.0,""minimum_bad_frames"":2,""minimum_frame_span_seconds"":5.0,""minimum_hold_seconds"":60.0,""version"":""l0-loss-deterioration/v1""},""take_profit"":[{""fraction_of_remaining"":0.2,""return"":0.8},{""fraction_of_remaining"":0.25,""return"":1.8},{""fraction_of_remaining"":0.35,""return"":3.5},{""fraction_of_remaining"":1.0,""return"":7.0}],""trailing_activate_return"":0.4,""trailing_drawdown"":0.15}","{""_execution"":{""additional_fee_usd_each_fill"":0.0,""buy_slippage_bps"":400,""min_pool_liquidity_usd"":1000.0,""sell_slippage_bps"":400},""execution_profile"":""dexscreener-market-paper/v2-before-after""}"
dex-successor-025-2509c2f13f40a238,canonical-2509c2f13f40a238,25,frozen_map,2026-09-06T15:29:28.508111Z,active_with_buy,exact_duplicate,d1666b424662162a,6,d957e4f228a9cfb0,6,main_snapshot_exact_family,flow_burst,postbuy_research,680e217d5159fac2,af1a5cdd1e35f809,0f7e88b93e951ca8,,3,3,3,9,9,6,6,0,"{""dispatch"":{""entry_family"":""flow_burst"",""entry_gate"":""v6_asof_family"",""mode"":""exact_entry_family"",""path"":""main_snapshot_exact_family""},""fields"":{""entry_family"":""flow_burst"",""entry_gate"":""v6_asof_family"",""entry_match_mode"":""exact_entry_family""}}","{""dex_positive_trailing_drawdown"":0.35,""dex_research_delay_minutes"":1.0,""dex_research_min_buy_ratio"":0.55,""dex_research_min_volume_5m_usd"":1000.0,""exact_risk_alerts"":""shared_preemptive"",""exit_family"":""postbuy_research"",""exit_mode"":""executable_equity_dynamic_backoff"",""hard_stop_return"":-0.35,""max_hold_minutes"":240.0,""take_profit"":[{""fraction_of_remaining"":0.2,""return"":0.8},{""fraction_of_remaining"":0.25,""return"":1.8},{""fraction_of_remaining"":0.35,""return"":3.5},{""fraction_of_remaining"":1.0,""return"":7.0}],""trailing_activate_return"":0.6,""trailing_drawdown"":0.28}","{""_execution"":{""additional_fee_usd_each_fill"":0.0,""buy_slippage_bps"":400,""min_pool_liquidity_usd"":1000.0,""sell_slippage_bps"":400},""execution_profile"":""dexscreener-market-paper/v3-successor""}"
dex-successor-026-25ad46e118f6edc9,canonical-25ad46e118f6edc9,26,frozen_map,2026-09-06T15:29:28.508111Z,active_with_buy,exact_duplicate,653ff2d2cfeddd98,2,5088612607e87b23,2,main_snapshot_exact_family,broad_launch,postbuy_research,7ec9ff783c084d16,d00083d03630d3f8,0f7e88b93e951ca8,,61,61,61,1211,1211,81,81,0,"{""dispatch"":{""entry_family"":""broad_launch"",""entry_gate"":""v6_asof_family"",""mode"":""exact_entry_family"",""path"":""main_snapshot_exact_family""},""fields"":{""entry_family"":""broad_launch"",""entry_filter"":{""min_m5_trades"":3,""min_m5_volume_usd"":200.0},""entry_gate"":""v6_asof_family"",""entry_match_mode"":""exact_entry_family""}}","{""dex_positive_trailing_drawdown"":0.35,""dex_research_delay_minutes"":1.0,""dex_research_min_buy_ratio"":0.55,""dex_research_min_volume_5m_usd"":1000.0,""exact_risk_alerts"":""shared_preemptive"",""exit_family"":""postbuy_research"",""exit_mode"":""market_mark_dynamic_one_shot_sell"",""hard_stop_return"":-0.35,""max_hold_minutes"":240.0,""take_profit"":[{""fraction_of_remaining"":0.2,""return"":0.8},{""fraction_of_remaining"":0.25,""return"":1.8},{""fraction_of_remaining"":0.35,""return"":3.5},{""fraction_of_remaining"":1.0,""return"":7.0}],""trailing_activate_return"":0.6,""trailing_drawdown"":0.28}","{""_execution"":{""additional_fee_usd_each_fill"":0.0,""buy_slippage_bps"":400,""min_pool_liquidity_usd"":1000.0,""sell_slippage_bps"":400},""execution_profile"":""dexscreener-market-paper/v3-successor""}"
canonical-25cfdc3e9adf23df,canonical-25cfdc3e9adf23df,27,frozen_map,2026-09-06T15:29:28.508111Z,active_with_buy,exact_duplicate,7c8fb78641cf1625,6,cf17fff932331f64,6,main_snapshot_exact_family,flow_burst,fast_escape,f6ccfc52d5200c2d,904fc369870dac70,9c77660c388d6fc6,main_mature_flow_acceleration_v2,0,0,0,1,1,1,1,0,"{""dispatch"":{""entry_family"":""flow_burst"",""entry_gate"":""v6_asof_family"",""mode"":""main_snapshot_dispatch"",""path"":""main_snapshot_exact_family""},""fields"":{""entry_family"":""flow_burst"",""entry_filter"":{""max_age_seconds_exclusive"":21600.0,""min_age_seconds"":3600.0,""min_m5_trades"":8,""min_m5_volume_usd"":500.0},""entry_gate"":""v6_asof_family""}}","{""exact_risk_alerts"":""shared_preemptive"",""exit_family"":""fast_escape"",""exit_mode"":""executable_equity_dynamic_backoff"",""hard_stop_return"":-0.2,""max_hold_minutes"":30.0,""take_profit"":[{""fraction_of_remaining"":1.0,""return"":0.8}],""trailing_activate_return"":0.25,""trailing_drawdown"":0.12}","{""_execution"":{""additional_fee_usd_each_fill"":0.0,""buy_slippage_bps"":400,""min_pool_liquidity_usd"":1000.0,""sell_slippage_bps"":400},""execution_profile"":""dexscreener-market-paper/v2-before-after""}"
canonical-2634d7c52e35b317,canonical-2634d7c52e35b317,28,frozen_map,2026-09-06T15:29:28.508111Z,active_with_buy,exact_duplicate,673eba098787057e,6,b94bc4c2772fd105,6,main_snapshot_exact_family,flow_burst,balanced_harvest,f6ccfc52d5200c2d,c577ef160c73552d,9c77660c388d6fc6,main_mature_flow_acceleration_v2,0,0,0,1,1,1,1,0,"{""dispatch"":{""entry_family"":""flow_burst"",""entry_gate"":""v6_asof_family"",""mode"":""main_snapshot_dispatch"",""path"":""main_snapshot_exact_family""},""fields"":{""entry_family"":""flow_burst"",""entry_filter"":{""max_age_seconds_exclusive"":21600.0,""min_age_seconds"":3600.0,""min_m5_trades"":8,""min_m5_volume_usd"":500.0},""entry_gate"":""v6_asof_family""}}","{""exact_risk_alerts"":""shared_preemptive"",""exit_family"":""balanced_harvest"",""exit_mode"":""executable_equity_dynamic_backoff"",""hard_stop_return"":-0.35,""max_hold_minutes"":240.0,""take_profit"":[{""fraction_of_remaining"":0.2,""return"":0.8},{""fraction_of_remaining"":0.25,""return"":1.8},{""fraction_of_remaining"":0.35,""return"":3.5},{""fraction_of_remaining"":1.0,""return"":7.0}],""trailing_activate_return"":0.6,""trailing_drawdown"":0.28}","{""_execution"":{""additional_fee_usd_each_fill"":0.0,""buy_slippage_bps"":400,""min_pool_liquidity_usd"":1000.0,""sell_slippage_bps"":400},""execution_profile"":""dexscreener-market-paper/v2-before-after""}"
canonical-2d3874b5b4dfe162,canonical-2d3874b5b4dfe162,29,frozen_map,2026-09-06T15:29:28.508111Z,active_with_buy,exact_duplicate,465d2ede0b14bcb3,6,8ac2d751c1c554c6,6,main_snapshot_exact_family,broad_launch,balanced_harvest,bc45788e868e4283,49276e46c9331349,9c77660c388d6fc6,broad_balanced_harvest_flow_exit_v2,111,111,111,1475,1475,51,51,0,"{""dispatch"":{""entry_family"":""broad_launch"",""entry_gate"":""v6_asof_family"",""mode"":""main_snapshot_dispatch"",""path"":""main_snapshot_exact_family""},""fields"":{""entry_family"":""broad_launch"",""entry_gate"":""v6_asof_family""}}","{""exact_risk_alerts"":""shared_preemptive"",""exit_family"":""balanced_harvest"",""exit_mode"":""executable_equity_dynamic_backoff"",""flow_grace_minutes"":15.0,""hard_stop_return"":-0.35,""max_hold_minutes"":240.0,""minimum_buy_ratio"":0.45,""take_profit"":[{""fraction_of_remaining"":0.2,""return"":0.8},{""fraction_of_remaining"":0.25,""return"":1.8},{""fraction_of_remaining"":0.35,""return"":3.5},{""fraction_of_remaining"":1.0,""return"":7.0}],""trailing_activate_return"":0.6,""trailing_drawdown"":0.28,""zero_activity_grace_minutes"":15.0}","{""_execution"":{""additional_fee_usd_each_fill"":0.0,""buy_slippage_bps"":400,""min_pool_liquidity_usd"":1000.0,""sell_slippage_bps"":400},""execution_profile"":""dexscreener-market-paper/v2-before-after""}"
canonical-3028ef000f6df93d,canonical-3028ef000f6df93d,30,frozen_map,2026-09-06T15:29:28.508111Z,active_with_buy,exact_duplicate,0d4950a1f1d06ca5,2,9efb8d5bbf9e2bc9,2,main_snapshot_exact_family,flow_burst,peak_guard,f6ccfc52d5200c2d,e1adcd17c6cbfe7e,9c77660c388d6fc6,main_mature_flow_acceleration_v2,0,0,0,1,1,1,1,0,"{""dispatch"":{""entry_family"":""flow_burst"",""entry_gate"":""v6_asof_family"",""mode"":""main_snapshot_dispatch"",""path"":""main_snapshot_exact_family""},""fields"":{""entry_family"":""flow_burst"",""entry_filter"":{""max_age_seconds_exclusive"":21600.0,""min_age_seconds"":3600.0,""min_m5_trades"":8,""min_m5_volume_usd"":500.0},""entry_gate"":""v6_asof_family""}}","{""exact_risk_alerts"":""shared_preemptive"",""exit_family"":""peak_guard"",""exit_mode"":""market_mark_dynamic_one_shot_sell"",""hard_stop_return"":-0.35,""max_hold_minutes"":240.0,""take_profit"":[{""fraction_of_remaining"":0.2,""return"":0.8},{""fraction_of_remaining"":0.25,""return"":1.8},{""fraction_of_remaining"":0.35,""return"":3.5},{""fraction_of_remaining"":1.0,""return"":7.0}],""trailing_activate_return"":0.4,""trailing_drawdown"":0.15}","{""_execution"":{""additional_fee_usd_each_fill"":0.0,""buy_slippage_bps"":400,""min_pool_liquidity_usd"":1000.0,""sell_slippage_bps"":400},""execution_profile"":""dexscreener-market-paper/v2-before-after""}"
canonical-3093112db36e72a6,canonical-3093112db36e72a6,31,frozen_map,2026-09-06T15:29:28.508111Z,active_with_buy,exact_duplicate,7c8fb78641cf1625,6,cf17fff932331f64,6,main_snapshot_exact_family,flow_burst,fast_escape,f6ccfc52d5200c2d,904fc369870dac70,9c77660c388d6fc6,main_mature_flow_acceleration_v2,0,0,0,1,1,1,1,0,"{""dispatch"":{""entry_family"":""flow_burst"",""entry_gate"":""v6_asof_family"",""mode"":""main_snapshot_dispatch"",""path"":""main_snapshot_exact_family""},""fields"":{""entry_family"":""flow_burst"",""entry_filter"":{""max_age_seconds_exclusive"":21600.0,""min_age_seconds"":3600.0,""min_m5_trades"":8,""min_m5_volume_usd"":500.0},""entry_gate"":""v6_asof_family""}}","{""exact_risk_alerts"":""shared_preemptive"",""exit_family"":""fast_escape"",""exit_mode"":""executable_equity_dynamic_backoff"",""hard_stop_return"":-0.2,""max_hold_minutes"":30.0,""take_profit"":[{""fraction_of_remaining"":1.0,""return"":0.8}],""trailing_activate_return"":0.25,""trailing_drawdown"":0.12}","{""_execution"":{""additional_fee_usd_each_fill"":0.0,""buy_slippage_bps"":400,""min_pool_liquidity_usd"":1000.0,""sell_slippage_bps"":400},""execution_profile"":""dexscreener-market-paper/v2-before-after""}"
dex-successor-032-30d85f39d76f4f18,canonical-30d85f39d76f4f18,32,frozen_map,2026-09-06T15:29:28.508111Z,active_with_buy,exact_duplicate,8283ae3c2496a12e,2,583183dcd382239c,2,main_snapshot_dex_visible,dex_visible_successor,dynamic,8da3fd98c59f96c0,dc0610e4b95f3029,0f7e88b93e951ca8,,115,115,115,1242,1242,51,51,0,"{""dispatch"":{""entry_family"":""dex_visible_successor"",""mode"":""dex_visible"",""path"":""main_snapshot_dex_visible""},""fields"":{""entry_family"":""dex_visible_successor"",""entry_filter"":{""min_m5_trades"":3,""min_m5_volume_usd"":200.0},""entry_gate"":""rug_safety"",""entry_match_mode"":""dex_visible""}}","{""emergency_liquidity_usd"":3000.0,""exit_family"":""dynamic"",""exit_mode"":""dynamic"",""hard_stop_return"":-0.35,""max_hold_minutes"":240.0,""take_profit"":[{""fraction_of_remaining"":0.2,""return"":0.8},{""fraction_of_remaining"":0.25,""return"":1.8},{""fraction_of_remaining"":0.35,""return"":3.5},{""fraction_of_remaining"":1.0,""return"":7.0}],""trailing_activate_return"":0.6,""trailing_drawdown"":0.28,""zero_activity_grace_minutes"":5.0}","{""_execution"":{""additional_fee_usd_each_fill"":0.0,""buy_slippage_bps"":400,""min_pool_liquidity_usd"":1000.0,""sell_slippage_bps"":400},""execution_profile"":""dexscreener-market-paper/v3-successor""}"
canonical-3733dc40ac3c74ea,canonical-3733dc40ac3c74ea,33,frozen_map,2026-09-06T15:29:28.508111Z,active_with_buy,same_entry_different_exit,3733dc40ac3c74ea,1,3b19545d5caa79a9,2,main_snapshot_exact_family,flow_burst,peak_guard,09e87a237979d7b9,e1adcd17c6cbfe7e,9c77660c388d6fc6,,3,3,3,9,9,6,6,0,"{""dispatch"":{""entry_family"":""flow_burst"",""entry_gate"":""v6_asof_family"",""mode"":""main_snapshot_dispatch"",""path"":""main_snapshot_exact_family""},""fields"":{""entry_family"":""flow_burst"",""entry_gate"":""v6_asof_family""}}","{""exact_risk_alerts"":""shared_preemptive"",""exit_family"":""peak_guard"",""exit_mode"":""market_mark_dynamic_one_shot_sell"",""hard_stop_return"":-0.35,""max_hold_minutes"":240.0,""take_profit"":[{""fraction_of_remaining"":0.2,""return"":0.8},{""fraction_of_remaining"":0.25,""return"":1.8},{""fraction_of_remaining"":0.35,""return"":3.5},{""fraction_of_remaining"":1.0,""return"":7.0}],""trailing_activate_return"":0.4,""trailing_drawdown"":0.15}","{""_execution"":{""additional_fee_usd_each_fill"":0.0,""buy_slippage_bps"":400,""min_pool_liquidity_usd"":1000.0,""sell_slippage_bps"":400},""execution_profile"":""dexscreener-market-paper/v2-before-after""}"
canonical-39063fa299ee2cfd,canonical-39063fa299ee2cfd,34,frozen_map,2026-09-06T15:29:28.508111Z,active_with_buy,same_entry_different_exit,39063fa299ee2cfd,1,3b19545d5caa79a9,2,main_snapshot_exact_family,flow_burst,peak_guard,09e87a237979d7b9,e1adcd17c6cbfe7e,9c77660c388d6fc6,,3,3,3,9,9,6,6,0,"{""dispatch"":{""entry_family"":""flow_burst"",""entry_gate"":""v6_asof_family"",""mode"":""main_snapshot_dispatch"",""path"":""main_snapshot_exact_family""},""fields"":{""entry_family"":""flow_burst"",""entry_gate"":""v6_asof_family""}}","{""exact_risk_alerts"":""shared_preemptive"",""exit_family"":""peak_guard"",""exit_mode"":""market_mark_dynamic_one_shot_sell"",""hard_stop_return"":-0.35,""max_hold_minutes"":240.0,""take_profit"":[{""fraction_of_remaining"":0.2,""return"":0.8},{""fraction_of_remaining"":0.25,""return"":1.8},{""fraction_of_remaining"":0.35,""return"":3.5},{""fraction_of_remaining"":1.0,""return"":7.0}],""trailing_activate_return"":0.4,""trailing_drawdown"":0.15}","{""_execution"":{""additional_fee_usd_each_fill"":0.0,""buy_slippage_bps"":400,""min_pool_liquidity_usd"":1000.0,""sell_slippage_bps"":400},""execution_profile"":""dexscreener-market-paper/v2-before-after""}"
dex-successor-035-3be68fb41c7f0536,canonical-3be68fb41c7f0536,35,frozen_map,2026-09-06T15:29:28.508111Z,active_with_buy,exact_duplicate,d1666b424662162a,6,d957e4f228a9cfb0,6,main_snapshot_exact_family,flow_burst,postbuy_research,680e217d5159fac2,af1a5cdd1e35f809,0f7e88b93e951ca8,,3,3,3,9,9,6,6,0,"{""dispatch"":{""entry_family"":""flow_burst"",""entry_gate"":""v6_asof_family"",""mode"":""exact_entry_family"",""path"":""main_snapshot_exact_family""},""fields"":{""entry_family"":""flow_burst"",""entry_gate"":""v6_asof_family"",""entry_match_mode"":""exact_entry_family""}}","{""dex_positive_trailing_drawdown"":0.35,""dex_research_delay_minutes"":1.0,""dex_research_min_buy_ratio"":0.55,""dex_research_min_volume_5m_usd"":1000.0,""exact_risk_alerts"":""shared_preemptive"",""exit_family"":""postbuy_research"",""exit_mode"":""executable_equity_dynamic_backoff"",""hard_stop_return"":-0.35,""max_hold_minutes"":240.0,""take_profit"":[{""fraction_of_remaining"":0.2,""return"":0.8},{""fraction_of_remaining"":0.25,""return"":1.8},{""fraction_of_remaining"":0.35,""return"":3.5},{""fraction_of_remaining"":1.0,""return"":7.0}],""trailing_activate_return"":0.6,""trailing_drawdown"":0.28}","{""_execution"":{""additional_fee_usd_each_fill"":0.0,""buy_slippage_bps"":400,""min_pool_liquidity_usd"":1000.0,""sell_slippage_bps"":400},""execution_profile"":""dexscreener-market-paper/v3-successor""}"
canonical-3c89090af7e8cd6b,canonical-3c89090af7e8cd6b,36,frozen_map,2026-09-06T15:29:28.508111Z,active_with_buy,exact_duplicate,673eba098787057e,6,b94bc4c2772fd105,6,main_snapshot_exact_family,flow_burst,balanced_harvest,f6ccfc52d5200c2d,c577ef160c73552d,9c77660c388d6fc6,main_mature_flow_acceleration_v2,0,0,0,1,1,1,1,0,"{""dispatch"":{""entry_family"":""flow_burst"",""entry_gate"":""v6_asof_family"",""mode"":""main_snapshot_dispatch"",""path"":""main_snapshot_exact_family""},""fields"":{""entry_family"":""flow_burst"",""entry_filter"":{""max_age_seconds_exclusive"":21600.0,""min_age_seconds"":3600.0,""min_m5_trades"":8,""min_m5_volume_usd"":500.0},""entry_gate"":""v6_asof_family""}}","{""exact_risk_alerts"":""shared_preemptive"",""exit_family"":""balanced_harvest"",""exit_mode"":""executable_equity_dynamic_backoff"",""hard_stop_return"":-0.35,""max_hold_minutes"":240.0,""take_profit"":[{""fraction_of_remaining"":0.2,""return"":0.8},{""fraction_of_remaining"":0.25,""return"":1.8},{""fraction_of_remaining"":0.35,""return"":3.5},{""fraction_of_remaining"":1.0,""return"":7.0}],""trailing_activate_return"":0.6,""trailing_drawdown"":0.28}","{""_execution"":{""additional_fee_usd_each_fill"":0.0,""buy_slippage_bps"":400,""min_pool_liquidity_usd"":1000.0,""sell_slippage_bps"":400},""execution_profile"":""dexscreener-market-paper/v2-before-after""}"
canonical-427d6a31e0a2e604,canonical-427d6a31e0a2e604,37,frozen_map,2026-09-06T15:29:28.508111Z,active_with_buy,exact_duplicate,0d4950a1f1d06ca5,6,98aadae68976e129,6,main_snapshot_exact_family,flow_burst,peak_guard,f6ccfc52d5200c2d,7a6c26e429481f73,9c77660c388d6fc6,main_mature_flow_acceleration_v2,0,0,0,1,1,1,1,0,"{""dispatch"":{""entry_family"":""flow_burst"",""entry_gate"":""v6_asof_family"",""mode"":""main_snapshot_dispatch"",""path"":""main_snapshot_exact_family""},""fields"":{""entry_family"":""flow_burst"",""entry_filter"":{""max_age_seconds_exclusive"":21600.0,""min_age_seconds"":3600.0,""min_m5_trades"":8,""min_m5_volume_usd"":500.0},""entry_gate"":""v6_asof_family""}}","{""exact_risk_alerts"":""shared_preemptive"",""exit_family"":""peak_guard"",""exit_mode"":""executable_equity_dynamic_backoff"",""hard_stop_return"":-0.35,""max_hold_minutes"":240.0,""take_profit"":[{""fraction_of_remaining"":0.2,""return"":0.8},{""fraction_of_remaining"":0.25,""return"":1.8},{""fraction_of_remaining"":0.35,""return"":3.5},{""fraction_of_remaining"":1.0,""return"":7.0}],""trailing_activate_return"":0.4,""trailing_drawdown"":0.15}","{""_execution"":{""additional_fee_usd_each_fill"":0.0,""buy_slippage_bps"":400,""min_pool_liquidity_usd"":1000.0,""sell_slippage_bps"":400},""execution_profile"":""dexscreener-market-paper/v2-before-after""}"
dex-successor-038-45d45a6774225417,canonical-45d45a6774225417,38,frozen_map,2026-09-06T15:29:28.508111Z,active_with_buy,exact_duplicate,7c383f78d1358153,2,be2c1e9600d71214,2,main_snapshot_exact_family,flow_burst,postbuy_research,5c6be3cf073c16c5,d00083d03630d3f8,0f7e88b93e951ca8,main_mature_flow_acceleration_v2,0,0,0,1,1,1,1,0,"{""dispatch"":{""entry_family"":""flow_burst"",""entry_gate"":""v6_asof_family"",""mode"":""exact_entry_family"",""path"":""main_snapshot_exact_family""},""fields"":{""entry_family"":""flow_burst"",""entry_filter"":{""max_age_seconds_exclusive"":21600.0,""min_age_seconds"":3600.0,""min_m5_trades"":8,""min_m5_volume_usd"":500.0},""entry_gate"":""v6_asof_family"",""entry_match_mode"":""exact_entry_family""}}","{""dex_positive_trailing_drawdown"":0.35,""dex_research_delay_minutes"":1.0,""dex_research_min_buy_ratio"":0.55,""dex_research_min_volume_5m_usd"":1000.0,""exact_risk_alerts"":""shared_preemptive"",""exit_family"":""postbuy_research"",""exit_mode"":""market_mark_dynamic_one_shot_sell"",""hard_stop_return"":-0.35,""max_hold_minutes"":240.0,""take_profit"":[{""fraction_of_remaining"":0.2,""return"":0.8},{""fraction_of_remaining"":0.25,""return"":1.8},{""fraction_of_remaining"":0.35,""return"":3.5},{""fraction_of_remaining"":1.0,""return"":7.0}],""trailing_activate_return"":0.6,""trailing_drawdown"":0.28}","{""_execution"":{""additional_fee_usd_each_fill"":0.0,""buy_slippage_bps"":400,""min_pool_liquidity_usd"":1000.0,""sell_slippage_bps"":400},""execution_profile"":""dexscreener-market-paper/v3-successor""}"
dex-successor-039-46f730df93b191f3,canonical-46f730df93b191f3,39,frozen_map,2026-09-06T15:29:28.508111Z,active_with_buy,exact_duplicate,8283ae3c2496a12e,2,ab8d371913262bc5,2,main_snapshot_dex_visible,dex_visible_successor,dynamic,c0f2a6d65f257176,dc0610e4b95f3029,0f7e88b93e951ca8,,115,115,115,1242,1242,51,51,0,"{""dispatch"":{""entry_family"":""dex_visible_successor"",""mode"":""dex_visible"",""path"":""main_snapshot_dex_visible""},""fields"":{""entry_family"":""dex_visible_successor"",""entry_filter"":{""min_m5_trades"":3,""min_m5_volume_usd"":200.0},""entry_gate"":""economic_route"",""entry_match_mode"":""dex_visible""}}","{""emergency_liquidity_usd"":3000.0,""exit_family"":""dynamic"",""exit_mode"":""dynamic"",""hard_stop_return"":-0.35,""max_hold_minutes"":240.0,""take_profit"":[{""fraction_of_remaining"":0.2,""return"":0.8},{""fraction_of_remaining"":0.25,""return"":1.8},{""fraction_of_remaining"":0.35,""return"":3.5},{""fraction_of_remaining"":1.0,""return"":7.0}],""trailing_activate_return"":0.6,""trailing_drawdown"":0.28,""zero_activity_grace_minutes"":5.0}","{""_execution"":{""additional_fee_usd_each_fill"":0.0,""buy_slippage_bps"":400,""min_pool_liquidity_usd"":1000.0,""sell_slippage_bps"":400},""execution_profile"":""dexscreener-market-paper/v3-successor""}"
canonical-4a27a58cc5902ea9,canonical-4a27a58cc5902ea9,40,frozen_map,2026-09-06T15:29:28.508111Z,active_with_buy,same_entry_different_exit,04051d5eaa1e33a4,1,3e650b4967ff67a4,1,main_snapshot_exact_family,shadow_momentum,fixed,d46c0bb068581528,50cdb474c413410d,9c77660c388d6fc6,,96,96,94,518,518,86,86,0,"{""dispatch"":{""entry_family"":""shadow_momentum"",""entry_gate"":null,""mode"":""main_snapshot_dispatch"",""path"":""main_snapshot_exact_family""},""fields"":{""entry_family"":""shadow_momentum""}}","{""exit_family"":""fixed"",""max_hold_minutes"":15.0,""revision_exit_kind"":""l0_loss_deterioration"",""revision_exit_policy"":{""maximum_frame_age_seconds"":30.0,""minimum_bad_frames"":2,""minimum_frame_span_seconds"":5.0,""minimum_hold_seconds"":60.0,""version"":""l0-loss-deterioration/v1""}}","{""_execution"":{""additional_fee_usd_each_fill"":0.0,""buy_slippage_bps"":400,""min_pool_liquidity_usd"":1000.0,""sell_slippage_bps"":400},""execution_profile"":""dexscreener-market-paper/v2-before-after""}"
dex-successor-041-4a4be8bd60c050f5,canonical-4a4be8bd60c050f5,41,frozen_map,2026-09-06T15:29:28.508111Z,active_with_buy,exact_duplicate,653ff2d2cfeddd98,6,489d09a8088a1c11,6,main_snapshot_exact_family,broad_launch,postbuy_research,7ec9ff783c084d16,af1a5cdd1e35f809,0f7e88b93e951ca8,,61,61,61,1211,1211,81,81,0,"{""dispatch"":{""entry_family"":""broad_launch"",""entry_gate"":""v6_asof_family"",""mode"":""exact_entry_family"",""path"":""main_snapshot_exact_family""},""fields"":{""entry_family"":""broad_launch"",""entry_filter"":{""min_m5_trades"":3,""min_m5_volume_usd"":200.0},""entry_gate"":""v6_asof_family"",""entry_match_mode"":""exact_entry_family""}}","{""dex_positive_trailing_drawdown"":0.35,""dex_research_delay_minutes"":1.0,""dex_research_min_buy_ratio"":0.55,""dex_research_min_volume_5m_usd"":1000.0,""exact_risk_alerts"":""shared_preemptive"",""exit_family"":""postbuy_research"",""exit_mode"":""executable_equity_dynamic_backoff"",""hard_stop_return"":-0.35,""max_hold_minutes"":240.0,""take_profit"":[{""fraction_of_remaining"":0.2,""return"":0.8},{""fraction_of_remaining"":0.25,""return"":1.8},{""fraction_of_remaining"":0.35,""return"":3.5},{""fraction_of_remaining"":1.0,""return"":7.0}],""trailing_activate_return"":0.6,""trailing_drawdown"":0.28}","{""_execution"":{""additional_fee_usd_each_fill"":0.0,""buy_slippage_bps"":400,""min_pool_liquidity_usd"":1000.0,""sell_slippage_bps"":400},""execution_profile"":""dexscreener-market-paper/v3-successor""}"
canonical-4b290f4f2bba4fb4,canonical-4b290f4f2bba4fb4,42,frozen_map,2026-09-06T15:29:28.508111Z,active_with_buy,exact_duplicate,359c7093b68ea197,2,0351448396a01291,2,main_snapshot_exact_family,broad_launch,fast_escape,b32d3b36814d8cc7,94124749bcc8193e,9c77660c388d6fc6,,104,104,103,1211,1211,87,87,0,"{""dispatch"":{""entry_family"":""broad_launch"",""entry_gate"":""v6_asof_family"",""mode"":""main_snapshot_dispatch"",""path"":""main_snapshot_exact_family""},""fields"":{""entry_family"":""broad_launch"",""entry_filter"":{""min_m5_trades"":3,""min_m5_volume_usd"":200.0},""entry_gate"":""v6_asof_family""}}","{""exact_risk_alerts"":""shared_preemptive"",""exit_family"":""fast_escape"",""exit_mode"":""market_mark_dynamic_one_shot_sell"",""hard_stop_return"":-0.2,""max_hold_minutes"":30.0,""take_profit"":[{""fraction_of_remaining"":1.0,""return"":0.8}],""trailing_activate_return"":0.25,""trailing_drawdown"":0.12}","{""_execution"":{""additional_fee_usd_each_fill"":0.0,""buy_slippage_bps"":400,""min_pool_liquidity_usd"":1000.0,""sell_slippage_bps"":400},""execution_profile"":""dexscreener-market-paper/v2-before-after""}"
canonical-504d9582ca75a709,canonical-504d9582ca75a709,43,frozen_map,2026-09-06T15:29:28.508111Z,active_with_buy,exact_duplicate,673eba098787057e,6,b94bc4c2772fd105,6,main_snapshot_exact_family,flow_burst,balanced_harvest,f6ccfc52d5200c2d,c577ef160c73552d,9c77660c388d6fc6,main_mature_flow_acceleration_v2,0,0,0,1,1,1,1,0,"{""dispatch"":{""entry_family"":""flow_burst"",""entry_gate"":""v6_asof_family"",""mode"":""main_snapshot_dispatch"",""path"":""main_snapshot_exact_family""},""fields"":{""entry_family"":""flow_burst"",""entry_filter"":{""max_age_seconds_exclusive"":21600.0,""min_age_seconds"":3600.0,""min_m5_trades"":8,""min_m5_volume_usd"":500.0},""entry_gate"":""v6_asof_family""}}","{""exact_risk_alerts"":""shared_preemptive"",""exit_family"":""balanced_harvest"",""exit_mode"":""executable_equity_dynamic_backoff"",""hard_stop_return"":-0.35,""max_hold_minutes"":240.0,""take_profit"":[{""fraction_of_remaining"":0.2,""return"":0.8},{""fraction_of_remaining"":0.25,""return"":1.8},{""fraction_of_remaining"":0.35,""return"":3.5},{""fraction_of_remaining"":1.0,""return"":7.0}],""trailing_activate_return"":0.6,""trailing_drawdown"":0.28}","{""_execution"":{""additional_fee_usd_each_fill"":0.0,""buy_slippage_bps"":400,""min_pool_liquidity_usd"":1000.0,""sell_slippage_bps"":400},""execution_profile"":""dexscreener-market-paper/v2-before-after""}"
canonical-5054a25aae97fdf9,canonical-5054a25aae97fdf9,44,frozen_map,2026-09-06T15:29:28.508111Z,active_with_buy,same_entry_different_exit,5054a25aae97fdf9,1,21c81286fe376db6,2,main_snapshot_exact_family,flow_burst,fast_escape,09e87a237979d7b9,94124749bcc8193e,9c77660c388d6fc6,,3,3,3,9,9,6,6,0,"{""dispatch"":{""entry_family"":""flow_burst"",""entry_gate"":""v6_asof_family"",""mode"":""main_snapshot_dispatch"",""path"":""main_snapshot_exact_family""},""fields"":{""entry_family"":""flow_burst"",""entry_gate"":""v6_asof_family""}}","{""exact_risk_alerts"":""shared_preemptive"",""exit_family"":""fast_escape"",""exit_mode"":""market_mark_dynamic_one_shot_sell"",""hard_stop_return"":-0.2,""max_hold_minutes"":30.0,""take_profit"":[{""fraction_of_remaining"":1.0,""return"":0.8}],""trailing_activate_return"":0.25,""trailing_drawdown"":0.12}","{""_execution"":{""additional_fee_usd_each_fill"":0.0,""buy_slippage_bps"":400,""min_pool_liquidity_usd"":1000.0,""sell_slippage_bps"":400},""execution_profile"":""dexscreener-market-paper/v2-before-after""}"
canonical-53316326d5f1f7d5,canonical-53316326d5f1f7d5,45,frozen_map,2026-09-06T15:29:28.508111Z,active_with_buy,exact_duplicate,68f1cd94234f5955,6,ff2ead6fc0c42cd3,6,main_snapshot_exact_family,broad_launch,peak_guard,bc45788e868e4283,082154299726d028,9c77660c388d6fc6,,70,70,70,1475,1475,97,97,0,"{""dispatch"":{""entry_family"":""broad_launch"",""entry_gate"":""v6_asof_family"",""mode"":""main_snapshot_dispatch"",""path"":""main_snapshot_exact_family""},""fields"":{""entry_family"":""broad_launch"",""entry_gate"":""v6_asof_family""}}","{""exact_risk_alerts"":""shared_preemptive"",""exit_family"":""peak_guard"",""exit_mode"":""executable_equity_dynamic_backoff"",""hard_stop_return"":-0.35,""max_hold_minutes"":240.0,""revision_exit_kind"":""l0_loss_deterioration"",""revision_exit_policy"":{""maximum_frame_age_seconds"":30.0,""minimum_bad_frames"":2,""minimum_frame_span_seconds"":5.0,""minimum_hold_seconds"":60.0,""version"":""l0-loss-deterioration/v1""},""take_profit"":[{""fraction_of_remaining"":0.2,""return"":0.8},{""fraction_of_remaining"":0.25,""return"":1.8},{""fraction_of_remaining"":0.35,""return"":3.5},{""fraction_of_remaining"":1.0,""return"":7.0}],""trailing_activate_return"":0.4,""trailing_drawdown"":0.15}","{""_execution"":{""additional_fee_usd_each_fill"":0.0,""buy_slippage_bps"":400,""min_pool_liquidity_usd"":1000.0,""sell_slippage_bps"":400},""execution_profile"":""dexscreener-market-paper/v2-before-after""}"
dex-successor-046-546560b93b10c79c,canonical-546560b93b10c79c,46,frozen_map,2026-09-06T15:29:28.508111Z,active_with_buy,same_entry_different_exit,f86039e270b057df,1,ad1d0cea159c235d,1,main_snapshot_dex_visible,dex_visible_successor,dynamic_with_15m_deadline,26df00dfcbf5322e,44d48e75ccea5ceb,0f7e88b93e951ca8,,171,171,171,1242,1242,69,69,0,"{""dispatch"":{""entry_family"":""dex_visible_successor"",""mode"":""dex_visible"",""path"":""main_snapshot_dex_visible""},""fields"":{""entry_family"":""dex_visible_successor"",""entry_filter"":{""min_m5_trades"":3,""min_m5_volume_usd"":200.0},""entry_gate"":""two_way_route"",""entry_match_mode"":""dex_visible""}}","{""emergency_liquidity_usd"":3000.0,""exit_family"":""dynamic_with_15m_deadline"",""exit_mode"":""dynamic_with_15m_deadline"",""hard_stop_return"":-0.35,""max_hold_minutes"":15.0,""take_profit"":[{""fraction_of_remaining"":0.2,""return"":0.8},{""fraction_of_remaining"":0.25,""return"":1.8},{""fraction_of_remaining"":0.35,""return"":3.5},{""fraction_of_remaining"":1.0,""return"":7.0}],""trailing_activate_return"":0.6,""trailing_drawdown"":0.28,""zero_activity_grace_minutes"":5.0}","{""_execution"":{""additional_fee_usd_each_fill"":0.0,""buy_slippage_bps"":400,""min_pool_liquidity_usd"":1000.0,""sell_slippage_bps"":400},""execution_profile"":""dexscreener-market-paper/v3-successor""}"
canonical-57d44c510448173c,canonical-57d44c510448173c,47,frozen_map,2026-09-06T15:29:28.508111Z,active_with_buy,exact_duplicate,68f1cd94234f5955,6,ff2ead6fc0c42cd3,6,main_snapshot_exact_family,broad_launch,peak_guard,bc45788e868e4283,082154299726d028,9c77660c388d6fc6,,70,70,70,1475,1475,97,97,0,"{""dispatch"":{""entry_family"":""broad_launch"",""entry_gate"":""v6_asof_family"",""mode"":""main_snapshot_dispatch"",""path"":""main_snapshot_exact_family""},""fields"":{""entry_family"":""broad_launch"",""entry_gate"":""v6_asof_family""}}","{""exact_risk_alerts"":""shared_preemptive"",""exit_family"":""peak_guard"",""exit_mode"":""executable_equity_dynamic_backoff"",""hard_stop_return"":-0.35,""max_hold_minutes"":240.0,""revision_exit_kind"":""l0_loss_deterioration"",""revision_exit_policy"":{""maximum_frame_age_seconds"":30.0,""minimum_bad_frames"":2,""minimum_frame_span_seconds"":5.0,""minimum_hold_seconds"":60.0,""version"":""l0-loss-deterioration/v1""},""take_profit"":[{""fraction_of_remaining"":0.2,""return"":0.8},{""fraction_of_remaining"":0.25,""return"":1.8},{""fraction_of_remaining"":0.35,""return"":3.5},{""fraction_of_remaining"":1.0,""return"":7.0}],""trailing_activate_return"":0.4,""trailing_drawdown"":0.15}","{""_execution"":{""additional_fee_usd_each_fill"":0.0,""buy_slippage_bps"":400,""min_pool_liquidity_usd"":1000.0,""sell_slippage_bps"":400},""execution_profile"":""dexscreener-market-paper/v2-before-after""}"
canonical-5a16583de92bac39,canonical-5a16583de92bac39,48,frozen_map,2026-09-06T15:29:28.508111Z,active_with_buy,exact_duplicate,673eba098787057e,6,b94bc4c2772fd105,6,main_snapshot_exact_family,flow_burst,balanced_harvest,f6ccfc52d5200c2d,c577ef160c73552d,9c77660c388d6fc6,main_mature_flow_acceleration_v2,0,0,0,1,1,1,1,0,"{""dispatch"":{""entry_family"":""flow_burst"",""entry_gate"":""v6_asof_family"",""mode"":""main_snapshot_dispatch"",""path"":""main_snapshot_exact_family""},""fields"":{""entry_family"":""flow_burst"",""entry_filter"":{""max_age_seconds_exclusive"":21600.0,""min_age_seconds"":3600.0,""min_m5_trades"":8,""min_m5_volume_usd"":500.0},""entry_gate"":""v6_asof_family""}}","{""exact_risk_alerts"":""shared_preemptive"",""exit_family"":""balanced_harvest"",""exit_mode"":""executable_equity_dynamic_backoff"",""hard_stop_return"":-0.35,""max_hold_minutes"":240.0,""take_profit"":[{""fraction_of_remaining"":0.2,""return"":0.8},{""fraction_of_remaining"":0.25,""return"":1.8},{""fraction_of_remaining"":0.35,""return"":3.5},{""fraction_of_remaining"":1.0,""return"":7.0}],""trailing_activate_return"":0.6,""trailing_drawdown"":0.28}","{""_execution"":{""additional_fee_usd_each_fill"":0.0,""buy_slippage_bps"":400,""min_pool_liquidity_usd"":1000.0,""sell_slippage_bps"":400},""execution_profile"":""dexscreener-market-paper/v2-before-after""}"
dex-successor-049-5ce40de1d93304fb,canonical-5ce40de1d93304fb,49,frozen_map,2026-09-06T15:29:28.508111Z,active_with_buy,same_entry_different_exit,ff6360dd23d948c9,1,eca8cb9d54ad0e89,1,main_snapshot_dex_visible,dex_visible_successor,fixed_15m,26df00dfcbf5322e,a3bd354623f8be5c,0f7e88b93e951ca8,,114,114,114,1242,1242,60,60,0,"{""dispatch"":{""entry_family"":""dex_visible_successor"",""mode"":""dex_visible"",""path"":""main_snapshot_dex_visible""},""fields"":{""entry_family"":""dex_visible_successor"",""entry_filter"":{""min_m5_trades"":3,""min_m5_volume_usd"":200.0},""entry_gate"":""two_way_route"",""entry_match_mode"":""dex_visible""}}","{""exit_family"":""fixed_15m"",""exit_mode"":""fixed_15m"",""max_hold_minutes"":15.0}","{""_execution"":{""additional_fee_usd_each_fill"":0.0,""buy_slippage_bps"":400,""min_pool_liquidity_usd"":1000.0,""sell_slippage_bps"":400},""execution_profile"":""dexscreener-market-paper/v3-successor""}"
canonical-619d142075228d0e,canonical-619d142075228d0e,50,frozen_map,2026-09-06T15:29:28.508111Z,active_with_buy,exact_duplicate,673eba098787057e,2,0b446964e3fb389d,2,main_snapshot_exact_family,flow_burst,balanced_harvest,f6ccfc52d5200c2d,60d7197d86ab1e72,9c77660c388d6fc6,main_mature_flow_acceleration_v2,0,0,0,1,1,1,1,0,"{""dispatch"":{""entry_family"":""flow_burst"",""entry_gate"":""v6_asof_family"",""mode"":""main_snapshot_dispatch"",""path"":""main_snapshot_exact_family""},""fields"":{""entry_family"":""flow_burst"",""entry_filter"":{""max_age_seconds_exclusive"":21600.0,""min_age_seconds"":3600.0,""min_m5_trades"":8,""min_m5_volume_usd"":500.0},""entry_gate"":""v6_asof_family""}}","{""exact_risk_alerts"":""shared_preemptive"",""exit_family"":""balanced_harvest"",""exit_mode"":""market_mark_dynamic_one_shot_sell"",""hard_stop_return"":-0.35,""max_hold_minutes"":240.0,""take_profit"":[{""fraction_of_remaining"":0.2,""return"":0.8},{""fraction_of_remaining"":0.25,""return"":1.8},{""fraction_of_remaining"":0.35,""return"":3.5},{""fraction_of_remaining"":1.0,""return"":7.0}],""trailing_activate_return"":0.6,""trailing_drawdown"":0.28}","{""_execution"":{""additional_fee_usd_each_fill"":0.0,""buy_slippage_bps"":400,""min_pool_liquidity_usd"":1000.0,""sell_slippage_bps"":400},""execution_profile"":""dexscreener-market-paper/v2-before-after""}"
canonical-627c3b1e3fc4157d,canonical-627c3b1e3fc4157d,51,frozen_map,2026-09-06T15:29:28.508111Z,active_with_buy,same_entry_different_exit,627c3b1e3fc4157d,1,e79a43ad56aebff4,6,main_snapshot_exact_family,flow_burst,fast_escape,09e87a237979d7b9,904fc369870dac70,9c77660c388d6fc6,,3,3,3,9,9,6,6,0,"{""dispatch"":{""entry_family"":""flow_burst"",""entry_gate"":""v6_asof_family"",""mode"":""main_snapshot_dispatch"",""path"":""main_snapshot_exact_family""},""fields"":{""entry_family"":""flow_burst"",""entry_gate"":""v6_asof_family""}}","{""exact_risk_alerts"":""shared_preemptive"",""exit_family"":""fast_escape"",""exit_mode"":""executable_equity_dynamic_backoff"",""hard_stop_return"":-0.2,""max_hold_minutes"":30.0,""take_profit"":[{""fraction_of_remaining"":1.0,""return"":0.8}],""trailing_activate_return"":0.25,""trailing_drawdown"":0.12}","{""_execution"":{""additional_fee_usd_each_fill"":0.0,""buy_slippage_bps"":400,""min_pool_liquidity_usd"":1000.0,""sell_slippage_bps"":400},""execution_profile"":""dexscreener-market-paper/v2-before-after""}"
dex-successor-052-62d73d37cb094974,canonical-62d73d37cb094974,52,frozen_map,2026-09-06T15:29:28.508111Z,active_with_buy,exact_duplicate,8283ae3c2496a12e,2,058634584f8a6402,2,main_snapshot_dex_visible,dex_visible_successor,dynamic_backoff,c1eec25962fc878d,dfd05a4526391658,0f7e88b93e951ca8,,115,115,115,1242,1242,51,51,0,"{""dispatch"":{""entry_family"":""dex_visible_successor"",""mode"":""dex_visible"",""path"":""main_snapshot_dex_visible""},""fields"":{""entry_family"":""dex_visible_successor"",""entry_filter"":{""min_m5_trades"":3,""min_m5_volume_usd"":200.0},""entry_gate"":""solana_focus"",""entry_match_mode"":""dex_visible""}}","{""emergency_liquidity_usd"":3000.0,""exit_family"":""dynamic_backoff"",""exit_mode"":""dynamic_backoff"",""hard_stop_return"":-0.35,""max_hold_minutes"":240.0,""take_profit"":[{""fraction_of_remaining"":0.2,""return"":0.8},{""fraction_of_remaining"":0.25,""return"":1.8},{""fraction_of_remaining"":0.35,""return"":3.5},{""fraction_of_remaining"":1.0,""return"":7.0}],""trailing_activate_return"":0.6,""trailing_drawdown"":0.28,""zero_activity_grace_minutes"":5.0}","{""_execution"":{""additional_fee_usd_each_fill"":0.0,""buy_slippage_bps"":400,""min_pool_liquidity_usd"":1000.0,""sell_slippage_bps"":400},""execution_profile"":""dexscreener-market-paper/v3-successor""}"
canonical-63e62a12e74b6320,canonical-63e62a12e74b6320,53,frozen_map,2026-09-06T15:29:28.508111Z,active_with_buy,same_entry_different_exit,a09c483cfbfee2c5,1,84ddcf11e6b35201,1,main_snapshot_exact_family,shadow_momentum,balanced,d46c0bb068581528,6e04853f9a33fa5b,9c77660c388d6fc6,,95,95,93,518,518,53,53,0,"{""dispatch"":{""entry_family"":""shadow_momentum"",""entry_gate"":null,""mode"":""main_snapshot_dispatch"",""path"":""main_snapshot_exact_family""},""fields"":{""entry_family"":""shadow_momentum""}}","{""exit_family"":""balanced"",""hard_stop_return"":-0.35,""max_hold_minutes"":240.0,""revision_exit_kind"":""l0_loss_deterioration"",""revision_exit_policy"":{""maximum_frame_age_seconds"":30.0,""minimum_bad_frames"":2,""minimum_frame_span_seconds"":5.0,""minimum_hold_seconds"":60.0,""version"":""l0-loss-deterioration/v1""},""take_profit"":[{""fraction_of_remaining"":1.0,""return"":0.8}],""take_profit_return"":0.8}","{""_execution"":{""additional_fee_usd_each_fill"":0.0,""buy_slippage_bps"":400,""min_pool_liquidity_usd"":1000.0,""sell_slippage_bps"":400},""execution_profile"":""dexscreener-market-paper/v2-before-after""}"
canonical-6423ca6248abf0f9,canonical-6423ca6248abf0f9,54,frozen_map,2026-09-06T15:29:28.508111Z,active_with_buy,same_entry_different_exit,6423ca6248abf0f9,1,4003ab6f56f1557d,6,main_snapshot_exact_family,flow_burst,peak_guard,09e87a237979d7b9,7a6c26e429481f73,9c77660c388d6fc6,,3,3,3,9,9,6,6,0,"{""dispatch"":{""entry_family"":""flow_burst"",""entry_gate"":""v6_asof_family"",""mode"":""main_snapshot_dispatch"",""path"":""main_snapshot_exact_family""},""fields"":{""entry_family"":""flow_burst"",""entry_gate"":""v6_asof_family""}}","{""exact_risk_alerts"":""shared_preemptive"",""exit_family"":""peak_guard"",""exit_mode"":""executable_equity_dynamic_backoff"",""hard_stop_return"":-0.35,""max_hold_minutes"":240.0,""take_profit"":[{""fraction_of_remaining"":0.2,""return"":0.8},{""fraction_of_remaining"":0.25,""return"":1.8},{""fraction_of_remaining"":0.35,""return"":3.5},{""fraction_of_remaining"":1.0,""return"":7.0}],""trailing_activate_return"":0.4,""trailing_drawdown"":0.15}","{""_execution"":{""additional_fee_usd_each_fill"":0.0,""buy_slippage_bps"":400,""min_pool_liquidity_usd"":1000.0,""sell_slippage_bps"":400},""execution_profile"":""dexscreener-market-paper/v2-before-after""}"
canonical-65e78965552bd91b,canonical-65e78965552bd91b,55,frozen_map,2026-09-06T15:29:28.508111Z,active_with_buy,same_entry_different_exit,65e78965552bd91b,1,4660e006205db4d5,6,main_snapshot_exact_family,flow_burst,balanced_harvest,09e87a237979d7b9,c577ef160c73552d,9c77660c388d6fc6,,3,3,3,9,9,6,6,0,"{""dispatch"":{""entry_family"":""flow_burst"",""entry_gate"":""v6_asof_family"",""mode"":""main_snapshot_dispatch"",""path"":""main_snapshot_exact_family""},""fields"":{""entry_family"":""flow_burst"",""entry_gate"":""v6_asof_family""}}","{""exact_risk_alerts"":""shared_preemptive"",""exit_family"":""balanced_harvest"",""exit_mode"":""executable_equity_dynamic_backoff"",""hard_stop_return"":-0.35,""max_hold_minutes"":240.0,""take_profit"":[{""fraction_of_remaining"":0.2,""return"":0.8},{""fraction_of_remaining"":0.25,""return"":1.8},{""fraction_of_remaining"":0.35,""return"":3.5},{""fraction_of_remaining"":1.0,""return"":7.0}],""trailing_activate_return"":0.6,""trailing_drawdown"":0.28}","{""_execution"":{""additional_fee_usd_each_fill"":0.0,""buy_slippage_bps"":400,""min_pool_liquidity_usd"":1000.0,""sell_slippage_bps"":400},""execution_profile"":""dexscreener-market-paper/v2-before-after""}"
canonical-69be52c97c1c686d,canonical-69be52c97c1c686d,56,frozen_map,2026-09-06T15:29:28.508111Z,active_with_buy,same_entry_different_exit,69be52c97c1c686d,1,e79a43ad56aebff4,6,main_snapshot_exact_family,flow_burst,fast_escape,09e87a237979d7b9,904fc369870dac70,9c77660c388d6fc6,,3,3,3,9,9,6,6,0,"{""dispatch"":{""entry_family"":""flow_burst"",""entry_gate"":""v6_asof_family"",""mode"":""main_snapshot_dispatch"",""path"":""main_snapshot_exact_family""},""fields"":{""entry_family"":""flow_burst"",""entry_gate"":""v6_asof_family""}}","{""exact_risk_alerts"":""shared_preemptive"",""exit_family"":""fast_escape"",""exit_mode"":""executable_equity_dynamic_backoff"",""hard_stop_return"":-0.2,""max_hold_minutes"":30.0,""take_profit"":[{""fraction_of_remaining"":1.0,""return"":0.8}],""trailing_activate_return"":0.25,""trailing_drawdown"":0.12}","{""_execution"":{""additional_fee_usd_each_fill"":0.0,""buy_slippage_bps"":400,""min_pool_liquidity_usd"":1000.0,""sell_slippage_bps"":400},""execution_profile"":""dexscreener-market-paper/v2-before-after""}"
canonical-6c728fb1b79d226a,canonical-6c728fb1b79d226a,57,frozen_map,2026-09-06T15:29:28.508111Z,active_with_buy,exact_duplicate,359c7093b68ea197,6,1d25a5fc208a7196,6,main_snapshot_exact_family,broad_launch,fast_escape,b32d3b36814d8cc7,904fc369870dac70,9c77660c388d6fc6,,104,104,103,1211,1211,87,87,0,"{""dispatch"":{""entry_family"":""broad_launch"",""entry_gate"":""v6_asof_family"",""mode"":""main_snapshot_dispatch"",""path"":""main_snapshot_exact_family""},""fields"":{""entry_family"":""broad_launch"",""entry_filter"":{""min_m5_trades"":3,""min_m5_volume_usd"":200.0},""entry_gate"":""v6_asof_family""}}","{""exact_risk_alerts"":""shared_preemptive"",""exit_family"":""fast_escape"",""exit_mode"":""executable_equity_dynamic_backoff"",""hard_stop_return"":-0.2,""max_hold_minutes"":30.0,""take_profit"":[{""fraction_of_remaining"":1.0,""return"":0.8}],""trailing_activate_return"":0.25,""trailing_drawdown"":0.12}","{""_execution"":{""additional_fee_usd_each_fill"":0.0,""buy_slippage_bps"":400,""min_pool_liquidity_usd"":1000.0,""sell_slippage_bps"":400},""execution_profile"":""dexscreener-market-paper/v2-before-after""}"
dex-successor-058-6e2af57081e33ce0,canonical-6e2af57081e33ce0,58,frozen_map,2026-09-06T15:29:28.508111Z,active_with_buy,exact_duplicate,d1666b424662162a,6,d957e4f228a9cfb0,6,main_snapshot_exact_family,flow_burst,postbuy_research,680e217d5159fac2,af1a5cdd1e35f809,0f7e88b93e951ca8,,3,3,3,9,9,6,6,0,"{""dispatch"":{""entry_family"":""flow_burst"",""entry_gate"":""v6_asof_family"",""mode"":""exact_entry_family"",""path"":""main_snapshot_exact_family""},""fields"":{""entry_family"":""flow_burst"",""entry_gate"":""v6_asof_family"",""entry_match_mode"":""exact_entry_family""}}","{""dex_positive_trailing_drawdown"":0.35,""dex_research_delay_minutes"":1.0,""dex_research_min_buy_ratio"":0.55,""dex_research_min_volume_5m_usd"":1000.0,""exact_risk_alerts"":""shared_preemptive"",""exit_family"":""postbuy_research"",""exit_mode"":""executable_equity_dynamic_backoff"",""hard_stop_return"":-0.35,""max_hold_minutes"":240.0,""take_profit"":[{""fraction_of_remaining"":0.2,""return"":0.8},{""fraction_of_remaining"":0.25,""return"":1.8},{""fraction_of_remaining"":0.35,""return"":3.5},{""fraction_of_remaining"":1.0,""return"":7.0}],""trailing_activate_return"":0.6,""trailing_drawdown"":0.28}","{""_execution"":{""additional_fee_usd_each_fill"":0.0,""buy_slippage_bps"":400,""min_pool_liquidity_usd"":1000.0,""sell_slippage_bps"":400},""execution_profile"":""dexscreener-market-paper/v3-successor""}"
canonical-707c4491ca3caf89,canonical-707c4491ca3caf89,59,frozen_map,2026-09-06T15:29:28.508111Z,active_with_buy,exact_duplicate,7c8fb78641cf1625,6,cf17fff932331f64,6,main_snapshot_exact_family,flow_burst,fast_escape,f6ccfc52d5200c2d,904fc369870dac70,9c77660c388d6fc6,main_mature_flow_acceleration_v2,0,0,0,1,1,1,1,0,"{""dispatch"":{""entry_family"":""flow_burst"",""entry_gate"":""v6_asof_family"",""mode"":""main_snapshot_dispatch"",""path"":""main_snapshot_exact_family""},""fields"":{""entry_family"":""flow_burst"",""entry_filter"":{""max_age_seconds_exclusive"":21600.0,""min_age_seconds"":3600.0,""min_m5_trades"":8,""min_m5_volume_usd"":500.0},""entry_gate"":""v6_asof_family""}}","{""exact_risk_alerts"":""shared_preemptive"",""exit_family"":""fast_escape"",""exit_mode"":""executable_equity_dynamic_backoff"",""hard_stop_return"":-0.2,""max_hold_minutes"":30.0,""take_profit"":[{""fraction_of_remaining"":1.0,""return"":0.8}],""trailing_activate_return"":0.25,""trailing_drawdown"":0.12}","{""_execution"":{""additional_fee_usd_each_fill"":0.0,""buy_slippage_bps"":400,""min_pool_liquidity_usd"":1000.0,""sell_slippage_bps"":400},""execution_profile"":""dexscreener-market-paper/v2-before-after""}"
canonical-744153cee3d16c08,canonical-744153cee3d16c08,60,frozen_map,2026-09-06T15:29:28.508111Z,active_with_buy,exact_duplicate,465d2ede0b14bcb3,6,8ac2d751c1c554c6,6,main_snapshot_exact_family,broad_launch,balanced_harvest,bc45788e868e4283,49276e46c9331349,9c77660c388d6fc6,broad_balanced_harvest_flow_exit_v2,111,111,111,1475,1475,51,51,0,"{""dispatch"":{""entry_family"":""broad_launch"",""entry_gate"":""v6_asof_family"",""mode"":""main_snapshot_dispatch"",""path"":""main_snapshot_exact_family""},""fields"":{""entry_family"":""broad_launch"",""entry_gate"":""v6_asof_family""}}","{""exact_risk_alerts"":""shared_preemptive"",""exit_family"":""balanced_harvest"",""exit_mode"":""executable_equity_dynamic_backoff"",""flow_grace_minutes"":15.0,""hard_stop_return"":-0.35,""max_hold_minutes"":240.0,""minimum_buy_ratio"":0.45,""take_profit"":[{""fraction_of_remaining"":0.2,""return"":0.8},{""fraction_of_remaining"":0.25,""return"":1.8},{""fraction_of_remaining"":0.35,""return"":3.5},{""fraction_of_remaining"":1.0,""return"":7.0}],""trailing_activate_return"":0.6,""trailing_drawdown"":0.28,""zero_activity_grace_minutes"":15.0}","{""_execution"":{""additional_fee_usd_each_fill"":0.0,""buy_slippage_bps"":400,""min_pool_liquidity_usd"":1000.0,""sell_slippage_bps"":400},""execution_profile"":""dexscreener-market-paper/v2-before-after""}"
canonical-75dadf52fc0cdd9e,canonical-75dadf52fc0cdd9e,61,frozen_map,2026-09-06T15:29:28.508111Z,active_with_buy,same_entry_different_exit,2a04eaaa14181e90,1,b6b82416e101c901,1,main_snapshot_exact_family,shadow_momentum,risk,d46c0bb068581528,4031743cd28d812d,9c77660c388d6fc6,,72,72,71,518,518,24,24,0,"{""dispatch"":{""entry_family"":""shadow_momentum"",""entry_gate"":null,""mode"":""main_snapshot_dispatch"",""path"":""main_snapshot_exact_family""},""fields"":{""entry_family"":""shadow_momentum""}}","{""exit_family"":""risk"",""hard_stop_return"":-0.35,""max_hold_minutes"":240.0,""revision_exit_kind"":""l0_loss_deterioration"",""revision_exit_policy"":{""maximum_frame_age_seconds"":30.0,""minimum_bad_frames"":2,""minimum_frame_span_seconds"":5.0,""minimum_hold_seconds"":60.0,""version"":""l0-loss-deterioration/v1""}}","{""_execution"":{""additional_fee_usd_each_fill"":0.0,""buy_slippage_bps"":400,""min_pool_liquidity_usd"":1000.0,""sell_slippage_bps"":400},""execution_profile"":""dexscreener-market-paper/v2-before-after""}"
dex-successor-062-7726580fd0f701f1,canonical-7726580fd0f701f1,62,frozen_map,2026-09-06T15:29:28.508111Z,active_with_buy,exact_duplicate,d1666b424662162a,6,d957e4f228a9cfb0,6,main_snapshot_exact_family,flow_burst,postbuy_research,680e217d5159fac2,af1a5cdd1e35f809,0f7e88b93e951ca8,,3,3,3,9,9,6,6,0,"{""dispatch"":{""entry_family"":""flow_burst"",""entry_gate"":""v6_asof_family"",""mode"":""exact_entry_family"",""path"":""main_snapshot_exact_family""},""fields"":{""entry_family"":""flow_burst"",""entry_gate"":""v6_asof_family"",""entry_match_mode"":""exact_entry_family""}}","{""dex_positive_trailing_drawdown"":0.35,""dex_research_delay_minutes"":1.0,""dex_research_min_buy_ratio"":0.55,""dex_research_min_volume_5m_usd"":1000.0,""exact_risk_alerts"":""shared_preemptive"",""exit_family"":""postbuy_research"",""exit_mode"":""executable_equity_dynamic_backoff"",""hard_stop_return"":-0.35,""max_hold_minutes"":240.0,""take_profit"":[{""fraction_of_remaining"":0.2,""return"":0.8},{""fraction_of_remaining"":0.25,""return"":1.8},{""fraction_of_remaining"":0.35,""return"":3.5},{""fraction_of_remaining"":1.0,""return"":7.0}],""trailing_activate_return"":0.6,""trailing_drawdown"":0.28}","{""_execution"":{""additional_fee_usd_each_fill"":0.0,""buy_slippage_bps"":400,""min_pool_liquidity_usd"":1000.0,""sell_slippage_bps"":400},""execution_profile"":""dexscreener-market-paper/v3-successor""}"
canonical-7c7c863ffc06fdf6,canonical-7c7c863ffc06fdf6,63,frozen_map,2026-09-06T15:29:28.508111Z,active_with_buy,same_entry_different_exit,c32ce2ac41dedcef,1,e2f57c221c587d2c,1,main_snapshot_exact_family,shadow_momentum,runner,d46c0bb068581528,73be1e25cdbfcc6a,9c77660c388d6fc6,,68,68,67,518,518,60,60,0,"{""dispatch"":{""entry_family"":""shadow_momentum"",""entry_gate"":null,""mode"":""main_snapshot_dispatch"",""path"":""main_snapshot_exact_family""},""fields"":{""entry_family"":""shadow_momentum""}}","{""exit_family"":""runner"",""max_hold_minutes"":240.0,""revision_exit_kind"":""l0_loss_deterioration"",""revision_exit_policy"":{""maximum_frame_age_seconds"":30.0,""minimum_bad_frames"":2,""minimum_frame_span_seconds"":5.0,""minimum_hold_seconds"":60.0,""version"":""l0-loss-deterioration/v1""},""runner_review_minutes"":60.0}","{""_execution"":{""additional_fee_usd_each_fill"":0.0,""buy_slippage_bps"":400,""min_pool_liquidity_usd"":1000.0,""sell_slippage_bps"":400},""execution_profile"":""dexscreener-market-paper/v2-before-after""}"
canonical-7c86e5fc9e55178e,canonical-7c86e5fc9e55178e,64,frozen_map,2026-09-06T15:29:28.508111Z,active_with_buy,same_entry_different_exit,7c86e5fc9e55178e,1,e79a43ad56aebff4,6,main_snapshot_exact_family,flow_burst,fast_escape,09e87a237979d7b9,904fc369870dac70,9c77660c388d6fc6,,3,3,3,9,9,6,6,0,"{""dispatch"":{""entry_family"":""flow_burst"",""entry_gate"":""v6_asof_family"",""mode"":""main_snapshot_dispatch"",""path"":""main_snapshot_exact_family""},""fields"":{""entry_family"":""flow_burst"",""entry_gate"":""v6_asof_family""}}","{""exact_risk_alerts"":""shared_preemptive"",""exit_family"":""fast_escape"",""exit_mode"":""executable_equity_dynamic_backoff"",""hard_stop_return"":-0.2,""max_hold_minutes"":30.0,""take_profit"":[{""fraction_of_remaining"":1.0,""return"":0.8}],""trailing_activate_return"":0.25,""trailing_drawdown"":0.12}","{""_execution"":{""additional_fee_usd_each_fill"":0.0,""buy_slippage_bps"":400,""min_pool_liquidity_usd"":1000.0,""sell_slippage_bps"":400},""execution_profile"":""dexscreener-market-paper/v2-before-after""}"
canonical-831b37e3aaeaa64d,canonical-831b37e3aaeaa64d,65,frozen_map,2026-09-06T15:29:28.508111Z,active_with_buy,same_entry_different_exit,70ee5eeeb62c40a8,1,68caf60a8e205efc,1,main_snapshot_exact_family,shadow_momentum,composite,d46c0bb068581528,40f8c208483a31f4,9c77660c388d6fc6,,96,96,94,518,518,90,90,0,"{""dispatch"":{""entry_family"":""shadow_momentum"",""entry_gate"":null,""mode"":""main_snapshot_dispatch"",""path"":""main_snapshot_exact_family""},""fields"":{""entry_family"":""shadow_momentum""}}","{""emergency_liquidity_usd"":3000.0,""exit_family"":""composite"",""hard_stop_return"":-0.35,""max_hold_minutes"":240.0,""revision_exit_kind"":""l0_loss_deterioration"",""revision_exit_policy"":{""maximum_frame_age_seconds"":30.0,""minimum_bad_frames"":2,""minimum_frame_span_seconds"":5.0,""minimum_hold_seconds"":60.0,""version"":""l0-loss-deterioration/v1""},""take_profit"":[{""fraction_of_remaining"":1.0,""return"":0.8}],""take_profit_return"":0.8,""trailing_activate_return"":0.6,""trailing_drawdown"":0.28,""zero_activity_grace_minutes"":5.0}","{""_execution"":{""additional_fee_usd_each_fill"":0.0,""buy_slippage_bps"":400,""min_pool_liquidity_usd"":1000.0,""sell_slippage_bps"":400},""execution_profile"":""dexscreener-market-paper/v2-before-after""}"
canonical-83fdc6be4ed5e6bf,canonical-83fdc6be4ed5e6bf,66,frozen_map,2026-09-06T15:29:28.508111Z,active_with_buy,exact_duplicate,465d2ede0b14bcb3,6,8ac2d751c1c554c6,6,main_snapshot_exact_family,broad_launch,balanced_harvest,bc45788e868e4283,49276e46c9331349,9c77660c388d6fc6,broad_balanced_harvest_flow_exit_v2,111,111,111,1475,1475,51,51,0,"{""dispatch"":{""entry_family"":""broad_launch"",""entry_gate"":""v6_asof_family"",""mode"":""main_snapshot_dispatch"",""path"":""main_snapshot_exact_family""},""fields"":{""entry_family"":""broad_launch"",""entry_gate"":""v6_asof_family""}}","{""exact_risk_alerts"":""shared_preemptive"",""exit_family"":""balanced_harvest"",""exit_mode"":""executable_equity_dynamic_backoff"",""flow_grace_minutes"":15.0,""hard_stop_return"":-0.35,""max_hold_minutes"":240.0,""minimum_buy_ratio"":0.45,""take_profit"":[{""fraction_of_remaining"":0.2,""return"":0.8},{""fraction_of_remaining"":0.25,""return"":1.8},{""fraction_of_remaining"":0.35,""return"":3.5},{""fraction_of_remaining"":1.0,""return"":7.0}],""trailing_activate_return"":0.6,""trailing_drawdown"":0.28,""zero_activity_grace_minutes"":15.0}","{""_execution"":{""additional_fee_usd_each_fill"":0.0,""buy_slippage_bps"":400,""min_pool_liquidity_usd"":1000.0,""sell_slippage_bps"":400},""execution_profile"":""dexscreener-market-paper/v2-before-after""}"
dex-successor-067-842383c9376853b7,canonical-842383c9376853b7,67,frozen_map,2026-09-06T15:29:28.508111Z,active_with_buy,exact_duplicate,8283ae3c2496a12e,2,c7327bb570617b82,2,main_snapshot_dex_visible,dex_visible_successor,dynamic_backoff,8da3fd98c59f96c0,dfd05a4526391658,0f7e88b93e951ca8,,115,115,115,1242,1242,51,51,0,"{""dispatch"":{""entry_family"":""dex_visible_successor"",""mode"":""dex_visible"",""path"":""main_snapshot_dex_visible""},""fields"":{""entry_family"":""dex_visible_successor"",""entry_filter"":{""min_m5_trades"":3,""min_m5_volume_usd"":200.0},""entry_gate"":""rug_safety"",""entry_match_mode"":""dex_visible""}}","{""emergency_liquidity_usd"":3000.0,""exit_family"":""dynamic_backoff"",""exit_mode"":""dynamic_backoff"",""hard_stop_return"":-0.35,""max_hold_minutes"":240.0,""take_profit"":[{""fraction_of_remaining"":0.2,""return"":0.8},{""fraction_of_remaining"":0.25,""return"":1.8},{""fraction_of_remaining"":0.35,""return"":3.5},{""fraction_of_remaining"":1.0,""return"":7.0}],""trailing_activate_return"":0.6,""trailing_drawdown"":0.28,""zero_activity_grace_minutes"":5.0}","{""_execution"":{""additional_fee_usd_each_fill"":0.0,""buy_slippage_bps"":400,""min_pool_liquidity_usd"":1000.0,""sell_slippage_bps"":400},""execution_profile"":""dexscreener-market-paper/v3-successor""}"
dex-successor-068-85b7ea76ae522727,canonical-85b7ea76ae522727,68,frozen_map,2026-09-06T15:29:28.508111Z,active_with_buy,exact_duplicate,8283ae3c2496a12e,2,f15e59a90b944dc4,2,main_snapshot_dex_visible,dex_visible_successor,dynamic,26df00dfcbf5322e,dc0610e4b95f3029,0f7e88b93e951ca8,,115,115,115,1242,1242,51,51,0,"{""dispatch"":{""entry_family"":""dex_visible_successor"",""mode"":""dex_visible"",""path"":""main_snapshot_dex_visible""},""fields"":{""entry_family"":""dex_visible_successor"",""entry_filter"":{""min_m5_trades"":3,""min_m5_volume_usd"":200.0},""entry_gate"":""two_way_route"",""entry_match_mode"":""dex_visible""}}","{""emergency_liquidity_usd"":3000.0,""exit_family"":""dynamic"",""exit_mode"":""dynamic"",""hard_stop_return"":-0.35,""max_hold_minutes"":240.0,""take_profit"":[{""fraction_of_remaining"":0.2,""return"":0.8},{""fraction_of_remaining"":0.25,""return"":1.8},{""fraction_of_remaining"":0.35,""return"":3.5},{""fraction_of_remaining"":1.0,""return"":7.0}],""trailing_activate_return"":0.6,""trailing_drawdown"":0.28,""zero_activity_grace_minutes"":5.0}","{""_execution"":{""additional_fee_usd_each_fill"":0.0,""buy_slippage_bps"":400,""min_pool_liquidity_usd"":1000.0,""sell_slippage_bps"":400},""execution_profile"":""dexscreener-market-paper/v3-successor""}"
dex-successor-069-88446f2e2831bb0d,canonical-88446f2e2831bb0d,69,frozen_map,2026-09-06T15:29:28.508111Z,active_with_buy,exact_duplicate,d1666b424662162a,2,0863753ce22522e6,2,main_snapshot_exact_family,flow_burst,postbuy_research,680e217d5159fac2,d00083d03630d3f8,0f7e88b93e951ca8,,3,3,3,9,9,6,6,0,"{""dispatch"":{""entry_family"":""flow_burst"",""entry_gate"":""v6_asof_family"",""mode"":""exact_entry_family"",""path"":""main_snapshot_exact_family""},""fields"":{""entry_family"":""flow_burst"",""entry_gate"":""v6_asof_family"",""entry_match_mode"":""exact_entry_family""}}","{""dex_positive_trailing_drawdown"":0.35,""dex_research_delay_minutes"":1.0,""dex_research_min_buy_ratio"":0.55,""dex_research_min_volume_5m_usd"":1000.0,""exact_risk_alerts"":""shared_preemptive"",""exit_family"":""postbuy_research"",""exit_mode"":""market_mark_dynamic_one_shot_sell"",""hard_stop_return"":-0.35,""max_hold_minutes"":240.0,""take_profit"":[{""fraction_of_remaining"":0.2,""return"":0.8},{""fraction_of_remaining"":0.25,""return"":1.8},{""fraction_of_remaining"":0.35,""return"":3.5},{""fraction_of_remaining"":1.0,""return"":7.0}],""trailing_activate_return"":0.6,""trailing_drawdown"":0.28}","{""_execution"":{""additional_fee_usd_each_fill"":0.0,""buy_slippage_bps"":400,""min_pool_liquidity_usd"":1000.0,""sell_slippage_bps"":400},""execution_profile"":""dexscreener-market-paper/v3-successor""}"
dex-successor-070-8a6c18233b0c33fd,canonical-8a6c18233b0c33fd,70,frozen_map,2026-09-06T15:29:28.508111Z,active_with_buy,exact_duplicate,7c383f78d1358153,6,9d9c06b0bcf61aae,6,main_snapshot_exact_family,flow_burst,postbuy_research,5c6be3cf073c16c5,af1a5cdd1e35f809,0f7e88b93e951ca8,main_mature_flow_acceleration_v2,0,0,0,1,1,1,1,0,"{""dispatch"":{""entry_family"":""flow_burst"",""entry_gate"":""v6_asof_family"",""mode"":""exact_entry_family"",""path"":""main_snapshot_exact_family""},""fields"":{""entry_family"":""flow_burst"",""entry_filter"":{""max_age_seconds_exclusive"":21600.0,""min_age_seconds"":3600.0,""min_m5_trades"":8,""min_m5_volume_usd"":500.0},""entry_gate"":""v6_asof_family"",""entry_match_mode"":""exact_entry_family""}}","{""dex_positive_trailing_drawdown"":0.35,""dex_research_delay_minutes"":1.0,""dex_research_min_buy_ratio"":0.55,""dex_research_min_volume_5m_usd"":1000.0,""exact_risk_alerts"":""shared_preemptive"",""exit_family"":""postbuy_research"",""exit_mode"":""executable_equity_dynamic_backoff"",""hard_stop_return"":-0.35,""max_hold_minutes"":240.0,""take_profit"":[{""fraction_of_remaining"":0.2,""return"":0.8},{""fraction_of_remaining"":0.25,""return"":1.8},{""fraction_of_remaining"":0.35,""return"":3.5},{""fraction_of_remaining"":1.0,""return"":7.0}],""trailing_activate_return"":0.6,""trailing_drawdown"":0.28}","{""_execution"":{""additional_fee_usd_each_fill"":0.0,""buy_slippage_bps"":400,""min_pool_liquidity_usd"":1000.0,""sell_slippage_bps"":400},""execution_profile"":""dexscreener-market-paper/v3-successor""}"
canonical-8e0e2a5367a26beb,canonical-8e0e2a5367a26beb,71,frozen_map,2026-09-06T15:29:28.508111Z,active_with_buy,exact_duplicate,68f1cd94234f5955,6,ff2ead6fc0c42cd3,6,main_snapshot_exact_family,broad_launch,peak_guard,bc45788e868e4283,082154299726d028,9c77660c388d6fc6,,70,70,70,1475,1475,97,97,0,"{""dispatch"":{""entry_family"":""broad_launch"",""entry_gate"":""v6_asof_family"",""mode"":""main_snapshot_dispatch"",""path"":""main_snapshot_exact_family""},""fields"":{""entry_family"":""broad_launch"",""entry_gate"":""v6_asof_family""}}","{""exact_risk_alerts"":""shared_preemptive"",""exit_family"":""peak_guard"",""exit_mode"":""executable_equity_dynamic_backoff"",""hard_stop_return"":-0.35,""max_hold_minutes"":240.0,""revision_exit_kind"":""l0_loss_deterioration"",""revision_exit_policy"":{""maximum_frame_age_seconds"":30.0,""minimum_bad_frames"":2,""minimum_frame_span_seconds"":5.0,""minimum_hold_seconds"":60.0,""version"":""l0-loss-deterioration/v1""},""take_profit"":[{""fraction_of_remaining"":0.2,""return"":0.8},{""fraction_of_remaining"":0.25,""return"":1.8},{""fraction_of_remaining"":0.35,""return"":3.5},{""fraction_of_remaining"":1.0,""return"":7.0}],""trailing_activate_return"":0.4,""trailing_drawdown"":0.15}","{""_execution"":{""additional_fee_usd_each_fill"":0.0,""buy_slippage_bps"":400,""min_pool_liquidity_usd"":1000.0,""sell_slippage_bps"":400},""execution_profile"":""dexscreener-market-paper/v2-before-after""}"
canonical-8eed440ae6e40cdf,canonical-8eed440ae6e40cdf,72,frozen_map,2026-09-06T15:29:28.508111Z,active_with_buy,same_entry_different_exit,8eed440ae6e40cdf,1,4003ab6f56f1557d,6,main_snapshot_exact_family,flow_burst,peak_guard,09e87a237979d7b9,7a6c26e429481f73,9c77660c388d6fc6,,3,3,3,9,9,6,6,0,"{""dispatch"":{""entry_family"":""flow_burst"",""entry_gate"":""v6_asof_family"",""mode"":""main_snapshot_dispatch"",""path"":""main_snapshot_exact_family""},""fields"":{""entry_family"":""flow_burst"",""entry_gate"":""v6_asof_family""}}","{""exact_risk_alerts"":""shared_preemptive"",""exit_family"":""peak_guard"",""exit_mode"":""executable_equity_dynamic_backoff"",""hard_stop_return"":-0.35,""max_hold_minutes"":240.0,""take_profit"":[{""fraction_of_remaining"":0.2,""return"":0.8},{""fraction_of_remaining"":0.25,""return"":1.8},{""fraction_of_remaining"":0.35,""return"":3.5},{""fraction_of_remaining"":1.0,""return"":7.0}],""trailing_activate_return"":0.4,""trailing_drawdown"":0.15}","{""_execution"":{""additional_fee_usd_each_fill"":0.0,""buy_slippage_bps"":400,""min_pool_liquidity_usd"":1000.0,""sell_slippage_bps"":400},""execution_profile"":""dexscreener-market-paper/v2-before-after""}"
canonical-91e44b09867ae22e,canonical-91e44b09867ae22e,73,frozen_map,2026-09-06T15:29:28.508111Z,active_with_buy,same_entry_different_exit,91e44b09867ae22e,1,4660e006205db4d5,6,main_snapshot_exact_family,flow_burst,balanced_harvest,09e87a237979d7b9,c577ef160c73552d,9c77660c388d6fc6,,3,3,3,9,9,6,6,0,"{""dispatch"":{""entry_family"":""flow_burst"",""entry_gate"":""v6_asof_family"",""mode"":""main_snapshot_dispatch"",""path"":""main_snapshot_exact_family""},""fields"":{""entry_family"":""flow_burst"",""entry_gate"":""v6_asof_family""}}","{""exact_risk_alerts"":""shared_preemptive"",""exit_family"":""balanced_harvest"",""exit_mode"":""executable_equity_dynamic_backoff"",""hard_stop_return"":-0.35,""max_hold_minutes"":240.0,""take_profit"":[{""fraction_of_remaining"":0.2,""return"":0.8},{""fraction_of_remaining"":0.25,""return"":1.8},{""fraction_of_remaining"":0.35,""return"":3.5},{""fraction_of_remaining"":1.0,""return"":7.0}],""trailing_activate_return"":0.6,""trailing_drawdown"":0.28}","{""_execution"":{""additional_fee_usd_each_fill"":0.0,""buy_slippage_bps"":400,""min_pool_liquidity_usd"":1000.0,""sell_slippage_bps"":400},""execution_profile"":""dexscreener-market-paper/v2-before-after""}"
dex-successor-074-94e2a27a7c53d44c,canonical-94e2a27a7c53d44c,74,frozen_map,2026-09-06T15:29:28.508111Z,active_with_buy,exact_duplicate,7c383f78d1358153,6,9d9c06b0bcf61aae,6,main_snapshot_exact_family,flow_burst,postbuy_research,5c6be3cf073c16c5,af1a5cdd1e35f809,0f7e88b93e951ca8,main_mature_flow_acceleration_v2,0,0,0,1,1,1,1,0,"{""dispatch"":{""entry_family"":""flow_burst"",""entry_gate"":""v6_asof_family"",""mode"":""exact_entry_family"",""path"":""main_snapshot_exact_family""},""fields"":{""entry_family"":""flow_burst"",""entry_filter"":{""max_age_seconds_exclusive"":21600.0,""min_age_seconds"":3600.0,""min_m5_trades"":8,""min_m5_volume_usd"":500.0},""entry_gate"":""v6_asof_family"",""entry_match_mode"":""exact_entry_family""}}","{""dex_positive_trailing_drawdown"":0.35,""dex_research_delay_minutes"":1.0,""dex_research_min_buy_ratio"":0.55,""dex_research_min_volume_5m_usd"":1000.0,""exact_risk_alerts"":""shared_preemptive"",""exit_family"":""postbuy_research"",""exit_mode"":""executable_equity_dynamic_backoff"",""hard_stop_return"":-0.35,""max_hold_minutes"":240.0,""take_profit"":[{""fraction_of_remaining"":0.2,""return"":0.8},{""fraction_of_remaining"":0.25,""return"":1.8},{""fraction_of_remaining"":0.35,""return"":3.5},{""fraction_of_remaining"":1.0,""return"":7.0}],""trailing_activate_return"":0.6,""trailing_drawdown"":0.28}","{""_execution"":{""additional_fee_usd_each_fill"":0.0,""buy_slippage_bps"":400,""min_pool_liquidity_usd"":1000.0,""sell_slippage_bps"":400},""execution_profile"":""dexscreener-market-paper/v3-successor""}"
dex-successor-075-977f322fba28b9bc,canonical-977f322fba28b9bc,75,frozen_map,2026-09-06T15:29:28.508111Z,active_with_buy,exact_duplicate,8283ae3c2496a12e,2,c7327bb570617b82,2,main_snapshot_dex_visible,dex_visible_successor,dynamic_backoff,8da3fd98c59f96c0,dfd05a4526391658,0f7e88b93e951ca8,,115,115,115,1242,1242,51,51,0,"{""dispatch"":{""entry_family"":""dex_visible_successor"",""mode"":""dex_visible"",""path"":""main_snapshot_dex_visible""},""fields"":{""entry_family"":""dex_visible_successor"",""entry_filter"":{""min_m5_trades"":3,""min_m5_volume_usd"":200.0},""entry_gate"":""rug_safety"",""entry_match_mode"":""dex_visible""}}","{""emergency_liquidity_usd"":3000.0,""exit_family"":""dynamic_backoff"",""exit_mode"":""dynamic_backoff"",""hard_stop_return"":-0.35,""max_hold_minutes"":240.0,""take_profit"":[{""fraction_of_remaining"":0.2,""return"":0.8},{""fraction_of_remaining"":0.25,""return"":1.8},{""fraction_of_remaining"":0.35,""return"":3.5},{""fraction_of_remaining"":1.0,""return"":7.0}],""trailing_activate_return"":0.6,""trailing_drawdown"":0.28,""zero_activity_grace_minutes"":5.0}","{""_execution"":{""additional_fee_usd_each_fill"":0.0,""buy_slippage_bps"":400,""min_pool_liquidity_usd"":1000.0,""sell_slippage_bps"":400},""execution_profile"":""dexscreener-market-paper/v3-successor""}"
canonical-9b8c8540532b6db2,canonical-9b8c8540532b6db2,76,frozen_map,2026-09-06T15:29:28.508111Z,active_with_buy,same_entry_different_exit,9b8c8540532b6db2,1,e79a43ad56aebff4,6,main_snapshot_exact_family,flow_burst,fast_escape,09e87a237979d7b9,904fc369870dac70,9c77660c388d6fc6,,3,3,3,9,9,6,6,0,"{""dispatch"":{""entry_family"":""flow_burst"",""entry_gate"":""v6_asof_family"",""mode"":""main_snapshot_dispatch"",""path"":""main_snapshot_exact_family""},""fields"":{""entry_family"":""flow_burst"",""entry_gate"":""v6_asof_family""}}","{""exact_risk_alerts"":""shared_preemptive"",""exit_family"":""fast_escape"",""exit_mode"":""executable_equity_dynamic_backoff"",""hard_stop_return"":-0.2,""max_hold_minutes"":30.0,""take_profit"":[{""fraction_of_remaining"":1.0,""return"":0.8}],""trailing_activate_return"":0.25,""trailing_drawdown"":0.12}","{""_execution"":{""additional_fee_usd_each_fill"":0.0,""buy_slippage_bps"":400,""min_pool_liquidity_usd"":1000.0,""sell_slippage_bps"":400},""execution_profile"":""dexscreener-market-paper/v2-before-after""}"
canonical-9e8b8ab496229059,canonical-9e8b8ab496229059,77,frozen_map,2026-09-06T15:29:28.508111Z,active_with_buy,exact_duplicate,673eba098787057e,2,0b446964e3fb389d,2,main_snapshot_exact_family,flow_burst,balanced_harvest,f6ccfc52d5200c2d,60d7197d86ab1e72,9c77660c388d6fc6,main_mature_flow_acceleration_v2,0,0,0,1,1,1,1,0,"{""dispatch"":{""entry_family"":""flow_burst"",""entry_gate"":""v6_asof_family"",""mode"":""main_snapshot_dispatch"",""path"":""main_snapshot_exact_family""},""fields"":{""entry_family"":""flow_burst"",""entry_filter"":{""max_age_seconds_exclusive"":21600.0,""min_age_seconds"":3600.0,""min_m5_trades"":8,""min_m5_volume_usd"":500.0},""entry_gate"":""v6_asof_family""}}","{""exact_risk_alerts"":""shared_preemptive"",""exit_family"":""balanced_harvest"",""exit_mode"":""market_mark_dynamic_one_shot_sell"",""hard_stop_return"":-0.35,""max_hold_minutes"":240.0,""take_profit"":[{""fraction_of_remaining"":0.2,""return"":0.8},{""fraction_of_remaining"":0.25,""return"":1.8},{""fraction_of_remaining"":0.35,""return"":3.5},{""fraction_of_remaining"":1.0,""return"":7.0}],""trailing_activate_return"":0.6,""trailing_drawdown"":0.28}","{""_execution"":{""additional_fee_usd_each_fill"":0.0,""buy_slippage_bps"":400,""min_pool_liquidity_usd"":1000.0,""sell_slippage_bps"":400},""execution_profile"":""dexscreener-market-paper/v2-before-after""}"
dex-successor-078-9eab102528bb48c4,canonical-9eab102528bb48c4,78,frozen_map,2026-09-06T15:29:28.508111Z,active_with_buy,exact_duplicate,d1666b424662162a,2,0863753ce22522e6,2,main_snapshot_exact_family,flow_burst,postbuy_research,680e217d5159fac2,d00083d03630d3f8,0f7e88b93e951ca8,,3,3,3,9,9,6,6,0,"{""dispatch"":{""entry_family"":""flow_burst"",""entry_gate"":""v6_asof_family"",""mode"":""exact_entry_family"",""path"":""main_snapshot_exact_family""},""fields"":{""entry_family"":""flow_burst"",""entry_gate"":""v6_asof_family"",""entry_match_mode"":""exact_entry_family""}}","{""dex_positive_trailing_drawdown"":0.35,""dex_research_delay_minutes"":1.0,""dex_research_min_buy_ratio"":0.55,""dex_research_min_volume_5m_usd"":1000.0,""exact_risk_alerts"":""shared_preemptive"",""exit_family"":""postbuy_research"",""exit_mode"":""market_mark_dynamic_one_shot_sell"",""hard_stop_return"":-0.35,""max_hold_minutes"":240.0,""take_profit"":[{""fraction_of_remaining"":0.2,""return"":0.8},{""fraction_of_remaining"":0.25,""return"":1.8},{""fraction_of_remaining"":0.35,""return"":3.5},{""fraction_of_remaining"":1.0,""return"":7.0}],""trailing_activate_return"":0.6,""trailing_drawdown"":0.28}","{""_execution"":{""additional_fee_usd_each_fill"":0.0,""buy_slippage_bps"":400,""min_pool_liquidity_usd"":1000.0,""sell_slippage_bps"":400},""execution_profile"":""dexscreener-market-paper/v3-successor""}"
canonical-9fdcf1c1c121b928,canonical-9fdcf1c1c121b928,79,frozen_map,2026-09-06T15:29:28.508111Z,active_with_buy,exact_duplicate,7c8fb78641cf1625,6,cf17fff932331f64,6,main_snapshot_exact_family,flow_burst,fast_escape,f6ccfc52d5200c2d,904fc369870dac70,9c77660c388d6fc6,main_mature_flow_acceleration_v2,0,0,0,1,1,1,1,0,"{""dispatch"":{""entry_family"":""flow_burst"",""entry_gate"":""v6_asof_family"",""mode"":""main_snapshot_dispatch"",""path"":""main_snapshot_exact_family""},""fields"":{""entry_family"":""flow_burst"",""entry_filter"":{""max_age_seconds_exclusive"":21600.0,""min_age_seconds"":3600.0,""min_m5_trades"":8,""min_m5_volume_usd"":500.0},""entry_gate"":""v6_asof_family""}}","{""exact_risk_alerts"":""shared_preemptive"",""exit_family"":""fast_escape"",""exit_mode"":""executable_equity_dynamic_backoff"",""hard_stop_return"":-0.2,""max_hold_minutes"":30.0,""take_profit"":[{""fraction_of_remaining"":1.0,""return"":0.8}],""trailing_activate_return"":0.25,""trailing_drawdown"":0.12}","{""_execution"":{""additional_fee_usd_each_fill"":0.0,""buy_slippage_bps"":400,""min_pool_liquidity_usd"":1000.0,""sell_slippage_bps"":400},""execution_profile"":""dexscreener-market-paper/v2-before-after""}"
canonical-a0b46b71b30d8575,canonical-a0b46b71b30d8575,80,frozen_map,2026-09-06T15:29:28.508111Z,active_with_buy,same_entry_different_exit,04051d5eaa1e33a4,1,4dc561d2284e818a,1,main_snapshot_exact_family,shadow_momentum,fixed_15m,2845c39ca9de84e4,e8e33260047f976b,9c77660c388d6fc6,,96,96,94,518,518,86,86,0,"{""dispatch"":{""entry_family"":""shadow_momentum"",""entry_gate"":""shadow_momentum"",""mode"":""main_snapshot_dispatch"",""path"":""main_snapshot_exact_family""},""fields"":{""entry_family"":""shadow_momentum"",""entry_gate"":""shadow_momentum""}}","{""exit_family"":""fixed_15m"",""exit_mode"":""fixed_15m"",""max_hold_minutes"":15.0,""revision_exit_kind"":""l0_loss_deterioration"",""revision_exit_policy"":{""maximum_frame_age_seconds"":30.0,""minimum_bad_frames"":2,""minimum_frame_span_seconds"":5.0,""minimum_hold_seconds"":60.0,""version"":""l0-loss-deterioration/v1""}}","{""_execution"":{""additional_fee_usd_each_fill"":0.0,""buy_slippage_bps"":400,""min_pool_liquidity_usd"":1000.0,""sell_slippage_bps"":400},""execution_profile"":""dexscreener-market-paper/v2-before-after""}"
canonical-a6741f19300d52f1,canonical-a6741f19300d52f1,81,frozen_map,2026-09-06T15:29:28.508111Z,active_with_buy,exact_duplicate,359c7093b68ea197,2,0351448396a01291,2,main_snapshot_exact_family,broad_launch,fast_escape,b32d3b36814d8cc7,94124749bcc8193e,9c77660c388d6fc6,,104,104,103,1211,1211,87,87,0,"{""dispatch"":{""entry_family"":""broad_launch"",""entry_gate"":""v6_asof_family"",""mode"":""main_snapshot_dispatch"",""path"":""main_snapshot_exact_family""},""fields"":{""entry_family"":""broad_launch"",""entry_filter"":{""min_m5_trades"":3,""min_m5_volume_usd"":200.0},""entry_gate"":""v6_asof_family""}}","{""exact_risk_alerts"":""shared_preemptive"",""exit_family"":""fast_escape"",""exit_mode"":""market_mark_dynamic_one_shot_sell"",""hard_stop_return"":-0.2,""max_hold_minutes"":30.0,""take_profit"":[{""fraction_of_remaining"":1.0,""return"":0.8}],""trailing_activate_return"":0.25,""trailing_drawdown"":0.12}","{""_execution"":{""additional_fee_usd_each_fill"":0.0,""buy_slippage_bps"":400,""min_pool_liquidity_usd"":1000.0,""sell_slippage_bps"":400},""execution_profile"":""dexscreener-market-paper/v2-before-after""}"
canonical-a7ca496301c23662,canonical-a7ca496301c23662,82,frozen_map,2026-09-06T15:29:28.508111Z,active_with_buy,same_entry_different_exit,a7ca496301c23662,1,8117498bbe68c7f8,2,main_snapshot_exact_family,flow_burst,balanced_harvest,09e87a237979d7b9,60d7197d86ab1e72,9c77660c388d6fc6,,3,3,3,9,9,6,6,0,"{""dispatch"":{""entry_family"":""flow_burst"",""entry_gate"":""v6_asof_family"",""mode"":""main_snapshot_dispatch"",""path"":""main_snapshot_exact_family""},""fields"":{""entry_family"":""flow_burst"",""entry_gate"":""v6_asof_family""}}","{""exact_risk_alerts"":""shared_preemptive"",""exit_family"":""balanced_harvest"",""exit_mode"":""market_mark_dynamic_one_shot_sell"",""hard_stop_return"":-0.35,""max_hold_minutes"":240.0,""take_profit"":[{""fraction_of_remaining"":0.2,""return"":0.8},{""fraction_of_remaining"":0.25,""return"":1.8},{""fraction_of_remaining"":0.35,""return"":3.5},{""fraction_of_remaining"":1.0,""return"":7.0}],""trailing_activate_return"":0.6,""trailing_drawdown"":0.28}","{""_execution"":{""additional_fee_usd_each_fill"":0.0,""buy_slippage_bps"":400,""min_pool_liquidity_usd"":1000.0,""sell_slippage_bps"":400},""execution_profile"":""dexscreener-market-paper/v2-before-after""}"
canonical-aa3ecee6b712fc53,canonical-aa3ecee6b712fc53,83,frozen_map,2026-09-06T15:29:28.508111Z,active_with_buy,same_entry_different_exit,aa3ecee6b712fc53,1,4003ab6f56f1557d,6,main_snapshot_exact_family,flow_burst,peak_guard,09e87a237979d7b9,7a6c26e429481f73,9c77660c388d6fc6,,3,3,3,9,9,6,6,0,"{""dispatch"":{""entry_family"":""flow_burst"",""entry_gate"":""v6_asof_family"",""mode"":""main_snapshot_dispatch"",""path"":""main_snapshot_exact_family""},""fields"":{""entry_family"":""flow_burst"",""entry_gate"":""v6_asof_family""}}","{""exact_risk_alerts"":""shared_preemptive"",""exit_family"":""peak_guard"",""exit_mode"":""executable_equity_dynamic_backoff"",""hard_stop_return"":-0.35,""max_hold_minutes"":240.0,""take_profit"":[{""fraction_of_remaining"":0.2,""return"":0.8},{""fraction_of_remaining"":0.25,""return"":1.8},{""fraction_of_remaining"":0.35,""return"":3.5},{""fraction_of_remaining"":1.0,""return"":7.0}],""trailing_activate_return"":0.4,""trailing_drawdown"":0.15}","{""_execution"":{""additional_fee_usd_each_fill"":0.0,""buy_slippage_bps"":400,""min_pool_liquidity_usd"":1000.0,""sell_slippage_bps"":400},""execution_profile"":""dexscreener-market-paper/v2-before-after""}"
canonical-aa5d0c9d6721fb48,canonical-aa5d0c9d6721fb48,84,frozen_map,2026-09-06T15:29:28.508111Z,active_with_buy,same_entry_different_exit,807e574e22e9e2a6,1,c9c2aedba4d22cda,1,main_snapshot_exact_family,shadow_momentum,flow,d46c0bb068581528,52f03eac3310998b,9c77660c388d6fc6,,96,96,94,518,518,84,84,0,"{""dispatch"":{""entry_family"":""shadow_momentum"",""entry_gate"":null,""mode"":""main_snapshot_dispatch"",""path"":""main_snapshot_exact_family""},""fields"":{""entry_family"":""shadow_momentum""}}","{""exit_family"":""flow"",""flow_grace_minutes"":10.0,""max_hold_minutes"":240.0,""minimum_buy_ratio"":0.45,""revision_exit_kind"":""l0_loss_deterioration"",""revision_exit_policy"":{""maximum_frame_age_seconds"":30.0,""minimum_bad_frames"":2,""minimum_frame_span_seconds"":5.0,""minimum_hold_seconds"":60.0,""version"":""l0-loss-deterioration/v1""}}","{""_execution"":{""additional_fee_usd_each_fill"":0.0,""buy_slippage_bps"":400,""min_pool_liquidity_usd"":1000.0,""sell_slippage_bps"":400},""execution_profile"":""dexscreener-market-paper/v2-before-after""}"
canonical-ac6059d9867697cd,canonical-ac6059d9867697cd,85,frozen_map,2026-09-06T15:29:28.508111Z,active_with_buy,exact_duplicate,0d4950a1f1d06ca5,6,98aadae68976e129,6,main_snapshot_exact_family,flow_burst,peak_guard,f6ccfc52d5200c2d,7a6c26e429481f73,9c77660c388d6fc6,main_mature_flow_acceleration_v2,0,0,0,1,1,1,1,0,"{""dispatch"":{""entry_family"":""flow_burst"",""entry_gate"":""v6_asof_family"",""mode"":""main_snapshot_dispatch"",""path"":""main_snapshot_exact_family""},""fields"":{""entry_family"":""flow_burst"",""entry_filter"":{""max_age_seconds_exclusive"":21600.0,""min_age_seconds"":3600.0,""min_m5_trades"":8,""min_m5_volume_usd"":500.0},""entry_gate"":""v6_asof_family""}}","{""exact_risk_alerts"":""shared_preemptive"",""exit_family"":""peak_guard"",""exit_mode"":""executable_equity_dynamic_backoff"",""hard_stop_return"":-0.35,""max_hold_minutes"":240.0,""take_profit"":[{""fraction_of_remaining"":0.2,""return"":0.8},{""fraction_of_remaining"":0.25,""return"":1.8},{""fraction_of_remaining"":0.35,""return"":3.5},{""fraction_of_remaining"":1.0,""return"":7.0}],""trailing_activate_return"":0.4,""trailing_drawdown"":0.15}","{""_execution"":{""additional_fee_usd_each_fill"":0.0,""buy_slippage_bps"":400,""min_pool_liquidity_usd"":1000.0,""sell_slippage_bps"":400},""execution_profile"":""dexscreener-market-paper/v2-before-after""}"
canonical-adc90ff111d03016,canonical-adc90ff111d03016,86,frozen_map,2026-09-06T15:29:28.508111Z,active_with_buy,same_entry_different_exit,adc90ff111d03016,1,21c81286fe376db6,2,main_snapshot_exact_family,flow_burst,fast_escape,09e87a237979d7b9,94124749bcc8193e,9c77660c388d6fc6,,3,3,3,9,9,6,6,0,"{""dispatch"":{""entry_family"":""flow_burst"",""entry_gate"":""v6_asof_family"",""mode"":""main_snapshot_dispatch"",""path"":""main_snapshot_exact_family""},""fields"":{""entry_family"":""flow_burst"",""entry_gate"":""v6_asof_family""}}","{""exact_risk_alerts"":""shared_preemptive"",""exit_family"":""fast_escape"",""exit_mode"":""market_mark_dynamic_one_shot_sell"",""hard_stop_return"":-0.2,""max_hold_minutes"":30.0,""take_profit"":[{""fraction_of_remaining"":1.0,""return"":0.8}],""trailing_activate_return"":0.25,""trailing_drawdown"":0.12}","{""_execution"":{""additional_fee_usd_each_fill"":0.0,""buy_slippage_bps"":400,""min_pool_liquidity_usd"":1000.0,""sell_slippage_bps"":400},""execution_profile"":""dexscreener-market-paper/v2-before-after""}"
canonical-addb9efa1916afbf,canonical-addb9efa1916afbf,87,frozen_map,2026-09-06T15:29:28.508111Z,active_with_buy,exact_duplicate,673eba098787057e,6,b94bc4c2772fd105,6,main_snapshot_exact_family,flow_burst,balanced_harvest,f6ccfc52d5200c2d,c577ef160c73552d,9c77660c388d6fc6,main_mature_flow_acceleration_v2,0,0,0,1,1,1,1,0,"{""dispatch"":{""entry_family"":""flow_burst"",""entry_gate"":""v6_asof_family"",""mode"":""main_snapshot_dispatch"",""path"":""main_snapshot_exact_family""},""fields"":{""entry_family"":""flow_burst"",""entry_filter"":{""max_age_seconds_exclusive"":21600.0,""min_age_seconds"":3600.0,""min_m5_trades"":8,""min_m5_volume_usd"":500.0},""entry_gate"":""v6_asof_family""}}","{""exact_risk_alerts"":""shared_preemptive"",""exit_family"":""balanced_harvest"",""exit_mode"":""executable_equity_dynamic_backoff"",""hard_stop_return"":-0.35,""max_hold_minutes"":240.0,""take_profit"":[{""fraction_of_remaining"":0.2,""return"":0.8},{""fraction_of_remaining"":0.25,""return"":1.8},{""fraction_of_remaining"":0.35,""return"":3.5},{""fraction_of_remaining"":1.0,""return"":7.0}],""trailing_activate_return"":0.6,""trailing_drawdown"":0.28}","{""_execution"":{""additional_fee_usd_each_fill"":0.0,""buy_slippage_bps"":400,""min_pool_liquidity_usd"":1000.0,""sell_slippage_bps"":400},""execution_profile"":""dexscreener-market-paper/v2-before-after""}"
dex-successor-088-b18c9c129af7fbfc,canonical-b18c9c129af7fbfc,88,frozen_map,2026-09-06T15:29:28.508111Z,active_with_buy,exact_duplicate,8283ae3c2496a12e,2,f15e59a90b944dc4,2,main_snapshot_dex_visible,dex_visible_successor,dynamic,26df00dfcbf5322e,dc0610e4b95f3029,0f7e88b93e951ca8,,115,115,115,1242,1242,51,51,0,"{""dispatch"":{""entry_family"":""dex_visible_successor"",""mode"":""dex_visible"",""path"":""main_snapshot_dex_visible""},""fields"":{""entry_family"":""dex_visible_successor"",""entry_filter"":{""min_m5_trades"":3,""min_m5_volume_usd"":200.0},""entry_gate"":""two_way_route"",""entry_match_mode"":""dex_visible""}}","{""emergency_liquidity_usd"":3000.0,""exit_family"":""dynamic"",""exit_mode"":""dynamic"",""hard_stop_return"":-0.35,""max_hold_minutes"":240.0,""take_profit"":[{""fraction_of_remaining"":0.2,""return"":0.8},{""fraction_of_remaining"":0.25,""return"":1.8},{""fraction_of_remaining"":0.35,""return"":3.5},{""fraction_of_remaining"":1.0,""return"":7.0}],""trailing_activate_return"":0.6,""trailing_drawdown"":0.28,""zero_activity_grace_minutes"":5.0}","{""_execution"":{""additional_fee_usd_each_fill"":0.0,""buy_slippage_bps"":400,""min_pool_liquidity_usd"":1000.0,""sell_slippage_bps"":400},""execution_profile"":""dexscreener-market-paper/v3-successor""}"
canonical-b1c6865d30e91ddd,canonical-b1c6865d30e91ddd,89,frozen_map,2026-09-06T15:29:28.508111Z,active_with_buy,exact_duplicate,7c8fb78641cf1625,2,192027eada7ca8be,2,main_snapshot_exact_family,flow_burst,fast_escape,f6ccfc52d5200c2d,94124749bcc8193e,9c77660c388d6fc6,main_mature_flow_acceleration_v2,0,0,0,1,1,1,1,0,"{""dispatch"":{""entry_family"":""flow_burst"",""entry_gate"":""v6_asof_family"",""mode"":""main_snapshot_dispatch"",""path"":""main_snapshot_exact_family""},""fields"":{""entry_family"":""flow_burst"",""entry_filter"":{""max_age_seconds_exclusive"":21600.0,""min_age_seconds"":3600.0,""min_m5_trades"":8,""min_m5_volume_usd"":500.0},""entry_gate"":""v6_asof_family""}}","{""exact_risk_alerts"":""shared_preemptive"",""exit_family"":""fast_escape"",""exit_mode"":""market_mark_dynamic_one_shot_sell"",""hard_stop_return"":-0.2,""max_hold_minutes"":30.0,""take_profit"":[{""fraction_of_remaining"":1.0,""return"":0.8}],""trailing_activate_return"":0.25,""trailing_drawdown"":0.12}","{""_execution"":{""additional_fee_usd_each_fill"":0.0,""buy_slippage_bps"":400,""min_pool_liquidity_usd"":1000.0,""sell_slippage_bps"":400},""execution_profile"":""dexscreener-market-paper/v2-before-after""}"
dex-successor-090-b5ad5642ccff0e2e,canonical-b5ad5642ccff0e2e,90,frozen_map,2026-09-06T15:29:28.508111Z,active_with_buy,exact_duplicate,653ff2d2cfeddd98,6,489d09a8088a1c11,6,main_snapshot_exact_family,broad_launch,postbuy_research,7ec9ff783c084d16,af1a5cdd1e35f809,0f7e88b93e951ca8,,61,61,61,1211,1211,81,81,0,"{""dispatch"":{""entry_family"":""broad_launch"",""entry_gate"":""v6_asof_family"",""mode"":""exact_entry_family"",""path"":""main_snapshot_exact_family""},""fields"":{""entry_family"":""broad_launch"",""entry_filter"":{""min_m5_trades"":3,""min_m5_volume_usd"":200.0},""entry_gate"":""v6_asof_family"",""entry_match_mode"":""exact_entry_family""}}","{""dex_positive_trailing_drawdown"":0.35,""dex_research_delay_minutes"":1.0,""dex_research_min_buy_ratio"":0.55,""dex_research_min_volume_5m_usd"":1000.0,""exact_risk_alerts"":""shared_preemptive"",""exit_family"":""postbuy_research"",""exit_mode"":""executable_equity_dynamic_backoff"",""hard_stop_return"":-0.35,""max_hold_minutes"":240.0,""take_profit"":[{""fraction_of_remaining"":0.2,""return"":0.8},{""fraction_of_remaining"":0.25,""return"":1.8},{""fraction_of_remaining"":0.35,""return"":3.5},{""fraction_of_remaining"":1.0,""return"":7.0}],""trailing_activate_return"":0.6,""trailing_drawdown"":0.28}","{""_execution"":{""additional_fee_usd_each_fill"":0.0,""buy_slippage_bps"":400,""min_pool_liquidity_usd"":1000.0,""sell_slippage_bps"":400},""execution_profile"":""dexscreener-market-paper/v3-successor""}"
canonical-bcf4041ab4578717,canonical-bcf4041ab4578717,91,frozen_map,2026-09-06T15:29:28.508111Z,active_with_buy,exact_duplicate,0d4950a1f1d06ca5,2,9efb8d5bbf9e2bc9,2,main_snapshot_exact_family,flow_burst,peak_guard,f6ccfc52d5200c2d,e1adcd17c6cbfe7e,9c77660c388d6fc6,main_mature_flow_acceleration_v2,0,0,0,1,1,1,1,0,"{""dispatch"":{""entry_family"":""flow_burst"",""entry_gate"":""v6_asof_family"",""mode"":""main_snapshot_dispatch"",""path"":""main_snapshot_exact_family""},""fields"":{""entry_family"":""flow_burst"",""entry_filter"":{""max_age_seconds_exclusive"":21600.0,""min_age_seconds"":3600.0,""min_m5_trades"":8,""min_m5_volume_usd"":500.0},""entry_gate"":""v6_asof_family""}}","{""exact_risk_alerts"":""shared_preemptive"",""exit_family"":""peak_guard"",""exit_mode"":""market_mark_dynamic_one_shot_sell"",""hard_stop_return"":-0.35,""max_hold_minutes"":240.0,""take_profit"":[{""fraction_of_remaining"":0.2,""return"":0.8},{""fraction_of_remaining"":0.25,""return"":1.8},{""fraction_of_remaining"":0.35,""return"":3.5},{""fraction_of_remaining"":1.0,""return"":7.0}],""trailing_activate_return"":0.4,""trailing_drawdown"":0.15}","{""_execution"":{""additional_fee_usd_each_fill"":0.0,""buy_slippage_bps"":400,""min_pool_liquidity_usd"":1000.0,""sell_slippage_bps"":400},""execution_profile"":""dexscreener-market-paper/v2-before-after""}"
dex-successor-092-bd048c8b412c53b5,canonical-bd048c8b412c53b5,92,frozen_map,2026-09-06T15:29:28.508111Z,active_with_buy,exact_duplicate,d1666b424662162a,6,d957e4f228a9cfb0,6,main_snapshot_exact_family,flow_burst,postbuy_research,680e217d5159fac2,af1a5cdd1e35f809,0f7e88b93e951ca8,,3,3,3,9,9,6,6,0,"{""dispatch"":{""entry_family"":""flow_burst"",""entry_gate"":""v6_asof_family"",""mode"":""exact_entry_family"",""path"":""main_snapshot_exact_family""},""fields"":{""entry_family"":""flow_burst"",""entry_gate"":""v6_asof_family"",""entry_match_mode"":""exact_entry_family""}}","{""dex_positive_trailing_drawdown"":0.35,""dex_research_delay_minutes"":1.0,""dex_research_min_buy_ratio"":0.55,""dex_research_min_volume_5m_usd"":1000.0,""exact_risk_alerts"":""shared_preemptive"",""exit_family"":""postbuy_research"",""exit_mode"":""executable_equity_dynamic_backoff"",""hard_stop_return"":-0.35,""max_hold_minutes"":240.0,""take_profit"":[{""fraction_of_remaining"":0.2,""return"":0.8},{""fraction_of_remaining"":0.25,""return"":1.8},{""fraction_of_remaining"":0.35,""return"":3.5},{""fraction_of_remaining"":1.0,""return"":7.0}],""trailing_activate_return"":0.6,""trailing_drawdown"":0.28}","{""_execution"":{""additional_fee_usd_each_fill"":0.0,""buy_slippage_bps"":400,""min_pool_liquidity_usd"":1000.0,""sell_slippage_bps"":400},""execution_profile"":""dexscreener-market-paper/v3-successor""}"
canonical-c2f29f5b78e5a3a9,canonical-c2f29f5b78e5a3a9,93,frozen_map,2026-09-06T15:29:28.508111Z,active_with_buy,same_entry_different_exit,c2f29f5b78e5a3a9,1,4003ab6f56f1557d,6,main_snapshot_exact_family,flow_burst,peak_guard,09e87a237979d7b9,7a6c26e429481f73,9c77660c388d6fc6,,3,3,3,9,9,6,6,0,"{""dispatch"":{""entry_family"":""flow_burst"",""entry_gate"":""v6_asof_family"",""mode"":""main_snapshot_dispatch"",""path"":""main_snapshot_exact_family""},""fields"":{""entry_family"":""flow_burst"",""entry_gate"":""v6_asof_family""}}","{""exact_risk_alerts"":""shared_preemptive"",""exit_family"":""peak_guard"",""exit_mode"":""executable_equity_dynamic_backoff"",""hard_stop_return"":-0.35,""max_hold_minutes"":240.0,""take_profit"":[{""fraction_of_remaining"":0.2,""return"":0.8},{""fraction_of_remaining"":0.25,""return"":1.8},{""fraction_of_remaining"":0.35,""return"":3.5},{""fraction_of_remaining"":1.0,""return"":7.0}],""trailing_activate_return"":0.4,""trailing_drawdown"":0.15}","{""_execution"":{""additional_fee_usd_each_fill"":0.0,""buy_slippage_bps"":400,""min_pool_liquidity_usd"":1000.0,""sell_slippage_bps"":400},""execution_profile"":""dexscreener-market-paper/v2-before-after""}"
dex-successor-094-c39421bc0ad61a44,canonical-c39421bc0ad61a44,94,frozen_map,2026-09-06T15:29:28.508111Z,active_with_buy,exact_duplicate,653ff2d2cfeddd98,6,489d09a8088a1c11,6,main_snapshot_exact_family,broad_launch,postbuy_research,7ec9ff783c084d16,af1a5cdd1e35f809,0f7e88b93e951ca8,,61,61,61,1211,1211,81,81,0,"{""dispatch"":{""entry_family"":""broad_launch"",""entry_gate"":""v6_asof_family"",""mode"":""exact_entry_family"",""path"":""main_snapshot_exact_family""},""fields"":{""entry_family"":""broad_launch"",""entry_filter"":{""min_m5_trades"":3,""min_m5_volume_usd"":200.0},""entry_gate"":""v6_asof_family"",""entry_match_mode"":""exact_entry_family""}}","{""dex_positive_trailing_drawdown"":0.35,""dex_research_delay_minutes"":1.0,""dex_research_min_buy_ratio"":0.55,""dex_research_min_volume_5m_usd"":1000.0,""exact_risk_alerts"":""shared_preemptive"",""exit_family"":""postbuy_research"",""exit_mode"":""executable_equity_dynamic_backoff"",""hard_stop_return"":-0.35,""max_hold_minutes"":240.0,""take_profit"":[{""fraction_of_remaining"":0.2,""return"":0.8},{""fraction_of_remaining"":0.25,""return"":1.8},{""fraction_of_remaining"":0.35,""return"":3.5},{""fraction_of_remaining"":1.0,""return"":7.0}],""trailing_activate_return"":0.6,""trailing_drawdown"":0.28}","{""_execution"":{""additional_fee_usd_each_fill"":0.0,""buy_slippage_bps"":400,""min_pool_liquidity_usd"":1000.0,""sell_slippage_bps"":400},""execution_profile"":""dexscreener-market-paper/v3-successor""}"
dex-successor-095-c78ed4ffa4877807,canonical-c78ed4ffa4877807,95,frozen_map,2026-09-06T15:29:28.508111Z,active_with_buy,same_entry_different_exit,8283ae3c2496a12e,1,e6024fe917337444,1,main_snapshot_dex_visible,dex_visible_successor,dynamic_with_horizon_fallback,26df00dfcbf5322e,6c6706322b6981ce,0f7e88b93e951ca8,,115,115,115,1242,1242,51,51,0,"{""dispatch"":{""entry_family"":""dex_visible_successor"",""mode"":""dex_visible"",""path"":""main_snapshot_dex_visible""},""fields"":{""entry_family"":""dex_visible_successor"",""entry_filter"":{""min_m5_trades"":3,""min_m5_volume_usd"":200.0},""entry_gate"":""two_way_route"",""entry_match_mode"":""dex_visible""}}","{""emergency_liquidity_usd"":3000.0,""exit_family"":""dynamic_with_horizon_fallback"",""exit_mode"":""dynamic_with_horizon_fallback"",""hard_stop_return"":-0.35,""max_hold_minutes"":240.0,""take_profit"":[{""fraction_of_remaining"":0.2,""return"":0.8},{""fraction_of_remaining"":0.25,""return"":1.8},{""fraction_of_remaining"":0.35,""return"":3.5},{""fraction_of_remaining"":1.0,""return"":7.0}],""trailing_activate_return"":0.6,""trailing_drawdown"":0.28,""zero_activity_grace_minutes"":5.0}","{""_execution"":{""additional_fee_usd_each_fill"":0.0,""buy_slippage_bps"":400,""min_pool_liquidity_usd"":1000.0,""sell_slippage_bps"":400},""execution_profile"":""dexscreener-market-paper/v3-successor""}"
canonical-c9204a1e7a1c45f3,canonical-c9204a1e7a1c45f3,96,frozen_map,2026-09-06T15:29:28.508111Z,active_with_buy,exact_duplicate,68f1cd94234f5955,6,ff2ead6fc0c42cd3,6,main_snapshot_exact_family,broad_launch,peak_guard,bc45788e868e4283,082154299726d028,9c77660c388d6fc6,,70,70,70,1475,1475,97,97,0,"{""dispatch"":{""entry_family"":""broad_launch"",""entry_gate"":""v6_asof_family"",""mode"":""main_snapshot_dispatch"",""path"":""main_snapshot_exact_family""},""fields"":{""entry_family"":""broad_launch"",""entry_gate"":""v6_asof_family""}}","{""exact_risk_alerts"":""shared_preemptive"",""exit_family"":""peak_guard"",""exit_mode"":""executable_equity_dynamic_backoff"",""hard_stop_return"":-0.35,""max_hold_minutes"":240.0,""revision_exit_kind"":""l0_loss_deterioration"",""revision_exit_policy"":{""maximum_frame_age_seconds"":30.0,""minimum_bad_frames"":2,""minimum_frame_span_seconds"":5.0,""minimum_hold_seconds"":60.0,""version"":""l0-loss-deterioration/v1""},""take_profit"":[{""fraction_of_remaining"":0.2,""return"":0.8},{""fraction_of_remaining"":0.25,""return"":1.8},{""fraction_of_remaining"":0.35,""return"":3.5},{""fraction_of_remaining"":1.0,""return"":7.0}],""trailing_activate_return"":0.4,""trailing_drawdown"":0.15}","{""_execution"":{""additional_fee_usd_each_fill"":0.0,""buy_slippage_bps"":400,""min_pool_liquidity_usd"":1000.0,""sell_slippage_bps"":400},""execution_profile"":""dexscreener-market-paper/v2-before-after""}"
canonical-ca8f32cf0d565e07,canonical-ca8f32cf0d565e07,97,frozen_map,2026-09-06T15:29:28.508111Z,active_with_buy,same_entry_different_exit,6517717424218127,1,d8afa52808d91f96,1,main_snapshot_exact_family,shadow_momentum,profit,d46c0bb068581528,d042541e9fdf0b81,9c77660c388d6fc6,,94,94,93,518,518,168,168,0,"{""dispatch"":{""entry_family"":""shadow_momentum"",""entry_gate"":null,""mode"":""main_snapshot_dispatch"",""path"":""main_snapshot_exact_family""},""fields"":{""entry_family"":""shadow_momentum""}}","{""exit_family"":""profit"",""max_hold_minutes"":240.0,""revision_exit_kind"":""l0_loss_deterioration"",""revision_exit_policy"":{""maximum_frame_age_seconds"":30.0,""minimum_bad_frames"":2,""minimum_frame_span_seconds"":5.0,""minimum_hold_seconds"":60.0,""version"":""l0-loss-deterioration/v1""},""take_profit"":[{""fraction_of_remaining"":1.0,""return"":0.8}],""take_profit_return"":0.8}","{""_execution"":{""additional_fee_usd_each_fill"":0.0,""buy_slippage_bps"":400,""min_pool_liquidity_usd"":1000.0,""sell_slippage_bps"":400},""execution_profile"":""dexscreener-market-paper/v2-before-after""}"
canonical-cae3a114676b9324,canonical-cae3a114676b9324,98,frozen_map,2026-09-06T15:29:28.508111Z,active_with_buy,exact_duplicate,359c7093b68ea197,6,1d25a5fc208a7196,6,main_snapshot_exact_family,broad_launch,fast_escape,b32d3b36814d8cc7,904fc369870dac70,9c77660c388d6fc6,,104,104,103,1211,1211,87,87,0,"{""dispatch"":{""entry_family"":""broad_launch"",""entry_gate"":""v6_asof_family"",""mode"":""main_snapshot_dispatch"",""path"":""main_snapshot_exact_family""},""fields"":{""entry_family"":""broad_launch"",""entry_filter"":{""min_m5_trades"":3,""min_m5_volume_usd"":200.0},""entry_gate"":""v6_asof_family""}}","{""exact_risk_alerts"":""shared_preemptive"",""exit_family"":""fast_escape"",""exit_mode"":""executable_equity_dynamic_backoff"",""hard_stop_return"":-0.2,""max_hold_minutes"":30.0,""take_profit"":[{""fraction_of_remaining"":1.0,""return"":0.8}],""trailing_activate_return"":0.25,""trailing_drawdown"":0.12}","{""_execution"":{""additional_fee_usd_each_fill"":0.0,""buy_slippage_bps"":400,""min_pool_liquidity_usd"":1000.0,""sell_slippage_bps"":400},""execution_profile"":""dexscreener-market-paper/v2-before-after""}"
dex-successor-099-cb5e6c13704cb97a,canonical-cb5e6c13704cb97a,99,frozen_map,2026-09-06T15:29:28.508111Z,active_with_buy,exact_duplicate,d1666b424662162a,6,d957e4f228a9cfb0,6,main_snapshot_exact_family,flow_burst,postbuy_research,680e217d5159fac2,af1a5cdd1e35f809,0f7e88b93e951ca8,,3,3,3,9,9,6,6,0,"{""dispatch"":{""entry_family"":""flow_burst"",""entry_gate"":""v6_asof_family"",""mode"":""exact_entry_family"",""path"":""main_snapshot_exact_family""},""fields"":{""entry_family"":""flow_burst"",""entry_gate"":""v6_asof_family"",""entry_match_mode"":""exact_entry_family""}}","{""dex_positive_trailing_drawdown"":0.35,""dex_research_delay_minutes"":1.0,""dex_research_min_buy_ratio"":0.55,""dex_research_min_volume_5m_usd"":1000.0,""exact_risk_alerts"":""shared_preemptive"",""exit_family"":""postbuy_research"",""exit_mode"":""executable_equity_dynamic_backoff"",""hard_stop_return"":-0.35,""max_hold_minutes"":240.0,""take_profit"":[{""fraction_of_remaining"":0.2,""return"":0.8},{""fraction_of_remaining"":0.25,""return"":1.8},{""fraction_of_remaining"":0.35,""return"":3.5},{""fraction_of_remaining"":1.0,""return"":7.0}],""trailing_activate_return"":0.6,""trailing_drawdown"":0.28}","{""_execution"":{""additional_fee_usd_each_fill"":0.0,""buy_slippage_bps"":400,""min_pool_liquidity_usd"":1000.0,""sell_slippage_bps"":400},""execution_profile"":""dexscreener-market-paper/v3-successor""}"
canonical-cca8c50b00503869,canonical-cca8c50b00503869,100,frozen_map,2026-09-06T15:29:28.508111Z,active_with_buy,exact_duplicate,0d4950a1f1d06ca5,6,98aadae68976e129,6,main_snapshot_exact_family,flow_burst,peak_guard,f6ccfc52d5200c2d,7a6c26e429481f73,9c77660c388d6fc6,main_mature_flow_acceleration_v2,0,0,0,1,1,1,1,0,"{""dispatch"":{""entry_family"":""flow_burst"",""entry_gate"":""v6_asof_family"",""mode"":""main_snapshot_dispatch"",""path"":""main_snapshot_exact_family""},""fields"":{""entry_family"":""flow_burst"",""entry_filter"":{""max_age_seconds_exclusive"":21600.0,""min_age_seconds"":3600.0,""min_m5_trades"":8,""min_m5_volume_usd"":500.0},""entry_gate"":""v6_asof_family""}}","{""exact_risk_alerts"":""shared_preemptive"",""exit_family"":""peak_guard"",""exit_mode"":""executable_equity_dynamic_backoff"",""hard_stop_return"":-0.35,""max_hold_minutes"":240.0,""take_profit"":[{""fraction_of_remaining"":0.2,""return"":0.8},{""fraction_of_remaining"":0.25,""return"":1.8},{""fraction_of_remaining"":0.35,""return"":3.5},{""fraction_of_remaining"":1.0,""return"":7.0}],""trailing_activate_return"":0.4,""trailing_drawdown"":0.15}","{""_execution"":{""additional_fee_usd_each_fill"":0.0,""buy_slippage_bps"":400,""min_pool_liquidity_usd"":1000.0,""sell_slippage_bps"":400},""execution_profile"":""dexscreener-market-paper/v2-before-after""}"
dex-successor-101-d1cb0c9edad31cbf,canonical-d1cb0c9edad31cbf,101,frozen_map,2026-09-06T15:29:28.508111Z,active_with_buy,exact_duplicate,653ff2d2cfeddd98,2,5088612607e87b23,2,main_snapshot_exact_family,broad_launch,postbuy_research,7ec9ff783c084d16,d00083d03630d3f8,0f7e88b93e951ca8,,61,61,61,1211,1211,81,81,0,"{""dispatch"":{""entry_family"":""broad_launch"",""entry_gate"":""v6_asof_family"",""mode"":""exact_entry_family"",""path"":""main_snapshot_exact_family""},""fields"":{""entry_family"":""broad_launch"",""entry_filter"":{""min_m5_trades"":3,""min_m5_volume_usd"":200.0},""entry_gate"":""v6_asof_family"",""entry_match_mode"":""exact_entry_family""}}","{""dex_positive_trailing_drawdown"":0.35,""dex_research_delay_minutes"":1.0,""dex_research_min_buy_ratio"":0.55,""dex_research_min_volume_5m_usd"":1000.0,""exact_risk_alerts"":""shared_preemptive"",""exit_family"":""postbuy_research"",""exit_mode"":""market_mark_dynamic_one_shot_sell"",""hard_stop_return"":-0.35,""max_hold_minutes"":240.0,""take_profit"":[{""fraction_of_remaining"":0.2,""return"":0.8},{""fraction_of_remaining"":0.25,""return"":1.8},{""fraction_of_remaining"":0.35,""return"":3.5},{""fraction_of_remaining"":1.0,""return"":7.0}],""trailing_activate_return"":0.6,""trailing_drawdown"":0.28}","{""_execution"":{""additional_fee_usd_each_fill"":0.0,""buy_slippage_bps"":400,""min_pool_liquidity_usd"":1000.0,""sell_slippage_bps"":400},""execution_profile"":""dexscreener-market-paper/v3-successor""}"
canonical-d276043eb5aa27c2,canonical-d276043eb5aa27c2,102,frozen_map,2026-09-06T15:29:28.508111Z,active_with_buy,exact_duplicate,465d2ede0b14bcb3,6,8ac2d751c1c554c6,6,main_snapshot_exact_family,broad_launch,balanced_harvest,bc45788e868e4283,49276e46c9331349,9c77660c388d6fc6,broad_balanced_harvest_flow_exit_v2,111,111,111,1475,1475,51,51,0,"{""dispatch"":{""entry_family"":""broad_launch"",""entry_gate"":""v6_asof_family"",""mode"":""main_snapshot_dispatch"",""path"":""main_snapshot_exact_family""},""fields"":{""entry_family"":""broad_launch"",""entry_gate"":""v6_asof_family""}}","{""exact_risk_alerts"":""shared_preemptive"",""exit_family"":""balanced_harvest"",""exit_mode"":""executable_equity_dynamic_backoff"",""flow_grace_minutes"":15.0,""hard_stop_return"":-0.35,""max_hold_minutes"":240.0,""minimum_buy_ratio"":0.45,""take_profit"":[{""fraction_of_remaining"":0.2,""return"":0.8},{""fraction_of_remaining"":0.25,""return"":1.8},{""fraction_of_remaining"":0.35,""return"":3.5},{""fraction_of_remaining"":1.0,""return"":7.0}],""trailing_activate_return"":0.6,""trailing_drawdown"":0.28,""zero_activity_grace_minutes"":15.0}","{""_execution"":{""additional_fee_usd_each_fill"":0.0,""buy_slippage_bps"":400,""min_pool_liquidity_usd"":1000.0,""sell_slippage_bps"":400},""execution_profile"":""dexscreener-market-paper/v2-before-after""}"
canonical-d69a266410f4ef7a,canonical-d69a266410f4ef7a,103,frozen_map,2026-09-06T15:29:28.508111Z,active_with_buy,same_entry_different_exit,d69a266410f4ef7a,1,4660e006205db4d5,6,main_snapshot_exact_family,flow_burst,balanced_harvest,09e87a237979d7b9,c577ef160c73552d,9c77660c388d6fc6,,3,3,3,9,9,6,6,0,"{""dispatch"":{""entry_family"":""flow_burst"",""entry_gate"":""v6_asof_family"",""mode"":""main_snapshot_dispatch"",""path"":""main_snapshot_exact_family""},""fields"":{""entry_family"":""flow_burst"",""entry_gate"":""v6_asof_family""}}","{""exact_risk_alerts"":""shared_preemptive"",""exit_family"":""balanced_harvest"",""exit_mode"":""executable_equity_dynamic_backoff"",""hard_stop_return"":-0.35,""max_hold_minutes"":240.0,""take_profit"":[{""fraction_of_remaining"":0.2,""return"":0.8},{""fraction_of_remaining"":0.25,""return"":1.8},{""fraction_of_remaining"":0.35,""return"":3.5},{""fraction_of_remaining"":1.0,""return"":7.0}],""trailing_activate_return"":0.6,""trailing_drawdown"":0.28}","{""_execution"":{""additional_fee_usd_each_fill"":0.0,""buy_slippage_bps"":400,""min_pool_liquidity_usd"":1000.0,""sell_slippage_bps"":400},""execution_profile"":""dexscreener-market-paper/v2-before-after""}"
canonical-d785aa5181f97422,canonical-d785aa5181f97422,104,frozen_map,2026-09-06T15:29:28.508111Z,active_with_buy,exact_duplicate,465d2ede0b14bcb3,2,efc78b22a2382747,2,main_snapshot_exact_family,broad_launch,balanced_harvest,bc45788e868e4283,a542da41c1e2b240,9c77660c388d6fc6,broad_balanced_harvest_flow_exit_v2,111,111,111,1475,1475,51,51,0,"{""dispatch"":{""entry_family"":""broad_launch"",""entry_gate"":""v6_asof_family"",""mode"":""main_snapshot_dispatch"",""path"":""main_snapshot_exact_family""},""fields"":{""entry_family"":""broad_launch"",""entry_gate"":""v6_asof_family""}}","{""exact_risk_alerts"":""shared_preemptive"",""exit_family"":""balanced_harvest"",""exit_mode"":""market_mark_dynamic_one_shot_sell"",""flow_grace_minutes"":15.0,""hard_stop_return"":-0.35,""max_hold_minutes"":240.0,""minimum_buy_ratio"":0.45,""take_profit"":[{""fraction_of_remaining"":0.2,""return"":0.8},{""fraction_of_remaining"":0.25,""return"":1.8},{""fraction_of_remaining"":0.35,""return"":3.5},{""fraction_of_remaining"":1.0,""return"":7.0}],""trailing_activate_return"":0.6,""trailing_drawdown"":0.28,""zero_activity_grace_minutes"":15.0}","{""_execution"":{""additional_fee_usd_each_fill"":0.0,""buy_slippage_bps"":400,""min_pool_liquidity_usd"":1000.0,""sell_slippage_bps"":400},""execution_profile"":""dexscreener-market-paper/v2-before-after""}"
canonical-db22c376fcd22466,canonical-db22c376fcd22466,105,frozen_map,2026-09-06T15:29:28.508111Z,active_with_buy,same_entry_different_exit,db22c376fcd22466,1,4003ab6f56f1557d,6,main_snapshot_exact_family,flow_burst,peak_guard,09e87a237979d7b9,7a6c26e429481f73,9c77660c388d6fc6,,3,3,3,9,9,6,6,0,"{""dispatch"":{""entry_family"":""flow_burst"",""entry_gate"":""v6_asof_family"",""mode"":""main_snapshot_dispatch"",""path"":""main_snapshot_exact_family""},""fields"":{""entry_family"":""flow_burst"",""entry_gate"":""v6_asof_family""}}","{""exact_risk_alerts"":""shared_preemptive"",""exit_family"":""peak_guard"",""exit_mode"":""executable_equity_dynamic_backoff"",""hard_stop_return"":-0.35,""max_hold_minutes"":240.0,""take_profit"":[{""fraction_of_remaining"":0.2,""return"":0.8},{""fraction_of_remaining"":0.25,""return"":1.8},{""fraction_of_remaining"":0.35,""return"":3.5},{""fraction_of_remaining"":1.0,""return"":7.0}],""trailing_activate_return"":0.4,""trailing_drawdown"":0.15}","{""_execution"":{""additional_fee_usd_each_fill"":0.0,""buy_slippage_bps"":400,""min_pool_liquidity_usd"":1000.0,""sell_slippage_bps"":400},""execution_profile"":""dexscreener-market-paper/v2-before-after""}"
dex-successor-106-db27127f672cbae7,canonical-db27127f672cbae7,106,frozen_map,2026-09-06T15:29:28.508111Z,active_with_buy,exact_duplicate,7c383f78d1358153,6,9d9c06b0bcf61aae,6,main_snapshot_exact_family,flow_burst,postbuy_research,5c6be3cf073c16c5,af1a5cdd1e35f809,0f7e88b93e951ca8,main_mature_flow_acceleration_v2,0,0,0,1,1,1,1,0,"{""dispatch"":{""entry_family"":""flow_burst"",""entry_gate"":""v6_asof_family"",""mode"":""exact_entry_family"",""path"":""main_snapshot_exact_family""},""fields"":{""entry_family"":""flow_burst"",""entry_filter"":{""max_age_seconds_exclusive"":21600.0,""min_age_seconds"":3600.0,""min_m5_trades"":8,""min_m5_volume_usd"":500.0},""entry_gate"":""v6_asof_family"",""entry_match_mode"":""exact_entry_family""}}","{""dex_positive_trailing_drawdown"":0.35,""dex_research_delay_minutes"":1.0,""dex_research_min_buy_ratio"":0.55,""dex_research_min_volume_5m_usd"":1000.0,""exact_risk_alerts"":""shared_preemptive"",""exit_family"":""postbuy_research"",""exit_mode"":""executable_equity_dynamic_backoff"",""hard_stop_return"":-0.35,""max_hold_minutes"":240.0,""take_profit"":[{""fraction_of_remaining"":0.2,""return"":0.8},{""fraction_of_remaining"":0.25,""return"":1.8},{""fraction_of_remaining"":0.35,""return"":3.5},{""fraction_of_remaining"":1.0,""return"":7.0}],""trailing_activate_return"":0.6,""trailing_drawdown"":0.28}","{""_execution"":{""additional_fee_usd_each_fill"":0.0,""buy_slippage_bps"":400,""min_pool_liquidity_usd"":1000.0,""sell_slippage_bps"":400},""execution_profile"":""dexscreener-market-paper/v3-successor""}"
canonical-ddd57b024d84a00b,canonical-ddd57b024d84a00b,107,frozen_map,2026-09-06T15:29:28.508111Z,active_with_buy,same_entry_different_exit,d64571bfd5eb3e29,1,48cecc41c78a90b5,1,main_snapshot_exact_family,shadow_momentum,fixed,d46c0bb068581528,24c6abea3a5ceafe,9c77660c388d6fc6,,66,66,65,518,518,58,58,0,"{""dispatch"":{""entry_family"":""shadow_momentum"",""entry_gate"":null,""mode"":""main_snapshot_dispatch"",""path"":""main_snapshot_exact_family""},""fields"":{""entry_family"":""shadow_momentum""}}","{""exit_family"":""fixed"",""max_hold_minutes"":240.0,""revision_exit_kind"":""l0_loss_deterioration"",""revision_exit_policy"":{""maximum_frame_age_seconds"":30.0,""minimum_bad_frames"":2,""minimum_frame_span_seconds"":5.0,""minimum_hold_seconds"":60.0,""version"":""l0-loss-deterioration/v1""}}","{""_execution"":{""additional_fee_usd_each_fill"":0.0,""buy_slippage_bps"":400,""min_pool_liquidity_usd"":1000.0,""sell_slippage_bps"":400},""execution_profile"":""dexscreener-market-paper/v2-before-after""}"
dex-successor-108-e44a1533954c80e5,canonical-e44a1533954c80e5,108,frozen_map,2026-09-06T15:29:28.508111Z,active_with_buy,exact_duplicate,653ff2d2cfeddd98,6,489d09a8088a1c11,6,main_snapshot_exact_family,broad_launch,postbuy_research,7ec9ff783c084d16,af1a5cdd1e35f809,0f7e88b93e951ca8,,61,61,61,1211,1211,81,81,0,"{""dispatch"":{""entry_family"":""broad_launch"",""entry_gate"":""v6_asof_family"",""mode"":""exact_entry_family"",""path"":""main_snapshot_exact_family""},""fields"":{""entry_family"":""broad_launch"",""entry_filter"":{""min_m5_trades"":3,""min_m5_volume_usd"":200.0},""entry_gate"":""v6_asof_family"",""entry_match_mode"":""exact_entry_family""}}","{""dex_positive_trailing_drawdown"":0.35,""dex_research_delay_minutes"":1.0,""dex_research_min_buy_ratio"":0.55,""dex_research_min_volume_5m_usd"":1000.0,""exact_risk_alerts"":""shared_preemptive"",""exit_family"":""postbuy_research"",""exit_mode"":""executable_equity_dynamic_backoff"",""hard_stop_return"":-0.35,""max_hold_minutes"":240.0,""take_profit"":[{""fraction_of_remaining"":0.2,""return"":0.8},{""fraction_of_remaining"":0.25,""return"":1.8},{""fraction_of_remaining"":0.35,""return"":3.5},{""fraction_of_remaining"":1.0,""return"":7.0}],""trailing_activate_return"":0.6,""trailing_drawdown"":0.28}","{""_execution"":{""additional_fee_usd_each_fill"":0.0,""buy_slippage_bps"":400,""min_pool_liquidity_usd"":1000.0,""sell_slippage_bps"":400},""execution_profile"":""dexscreener-market-paper/v3-successor""}"
canonical-e7b74ce032fcc5d3,canonical-e7b74ce032fcc5d3,109,frozen_map,2026-09-06T15:29:28.508111Z,active_with_buy,exact_duplicate,7c8fb78641cf1625,2,192027eada7ca8be,2,main_snapshot_exact_family,flow_burst,fast_escape,f6ccfc52d5200c2d,94124749bcc8193e,9c77660c388d6fc6,main_mature_flow_acceleration_v2,0,0,0,1,1,1,1,0,"{""dispatch"":{""entry_family"":""flow_burst"",""entry_gate"":""v6_asof_family"",""mode"":""main_snapshot_dispatch"",""path"":""main_snapshot_exact_family""},""fields"":{""entry_family"":""flow_burst"",""entry_filter"":{""max_age_seconds_exclusive"":21600.0,""min_age_seconds"":3600.0,""min_m5_trades"":8,""min_m5_volume_usd"":500.0},""entry_gate"":""v6_asof_family""}}","{""exact_risk_alerts"":""shared_preemptive"",""exit_family"":""fast_escape"",""exit_mode"":""market_mark_dynamic_one_shot_sell"",""hard_stop_return"":-0.2,""max_hold_minutes"":30.0,""take_profit"":[{""fraction_of_remaining"":1.0,""return"":0.8}],""trailing_activate_return"":0.25,""trailing_drawdown"":0.12}","{""_execution"":{""additional_fee_usd_each_fill"":0.0,""buy_slippage_bps"":400,""min_pool_liquidity_usd"":1000.0,""sell_slippage_bps"":400},""execution_profile"":""dexscreener-market-paper/v2-before-after""}"
canonical-e87e33896472940a,canonical-e87e33896472940a,110,frozen_map,2026-09-06T15:29:28.508111Z,active_with_buy,same_entry_different_exit,e87e33896472940a,1,4660e006205db4d5,6,main_snapshot_exact_family,flow_burst,balanced_harvest,09e87a237979d7b9,c577ef160c73552d,9c77660c388d6fc6,,3,3,3,9,9,6,6,0,"{""dispatch"":{""entry_family"":""flow_burst"",""entry_gate"":""v6_asof_family"",""mode"":""main_snapshot_dispatch"",""path"":""main_snapshot_exact_family""},""fields"":{""entry_family"":""flow_burst"",""entry_gate"":""v6_asof_family""}}","{""exact_risk_alerts"":""shared_preemptive"",""exit_family"":""balanced_harvest"",""exit_mode"":""executable_equity_dynamic_backoff"",""hard_stop_return"":-0.35,""max_hold_minutes"":240.0,""take_profit"":[{""fraction_of_remaining"":0.2,""return"":0.8},{""fraction_of_remaining"":0.25,""return"":1.8},{""fraction_of_remaining"":0.35,""return"":3.5},{""fraction_of_remaining"":1.0,""return"":7.0}],""trailing_activate_return"":0.6,""trailing_drawdown"":0.28}","{""_execution"":{""additional_fee_usd_each_fill"":0.0,""buy_slippage_bps"":400,""min_pool_liquidity_usd"":1000.0,""sell_slippage_bps"":400},""execution_profile"":""dexscreener-market-paper/v2-before-after""}"
canonical-e8ad7db7c6a6386c,canonical-e8ad7db7c6a6386c,111,frozen_map,2026-09-06T15:29:28.508111Z,active_with_buy,same_entry_different_exit,e8ad7db7c6a6386c,1,e79a43ad56aebff4,6,main_snapshot_exact_family,flow_burst,fast_escape,09e87a237979d7b9,904fc369870dac70,9c77660c388d6fc6,,3,3,3,9,9,6,6,0,"{""dispatch"":{""entry_family"":""flow_burst"",""entry_gate"":""v6_asof_family"",""mode"":""main_snapshot_dispatch"",""path"":""main_snapshot_exact_family""},""fields"":{""entry_family"":""flow_burst"",""entry_gate"":""v6_asof_family""}}","{""exact_risk_alerts"":""shared_preemptive"",""exit_family"":""fast_escape"",""exit_mode"":""executable_equity_dynamic_backoff"",""hard_stop_return"":-0.2,""max_hold_minutes"":30.0,""take_profit"":[{""fraction_of_remaining"":1.0,""return"":0.8}],""trailing_activate_return"":0.25,""trailing_drawdown"":0.12}","{""_execution"":{""additional_fee_usd_each_fill"":0.0,""buy_slippage_bps"":400,""min_pool_liquidity_usd"":1000.0,""sell_slippage_bps"":400},""execution_profile"":""dexscreener-market-paper/v2-before-after""}"
dex-successor-112-ea5a51ca3135e1b8,canonical-ea5a51ca3135e1b8,112,frozen_map,2026-09-06T15:29:28.508111Z,active_with_buy,exact_duplicate,653ff2d2cfeddd98,6,489d09a8088a1c11,6,main_snapshot_exact_family,broad_launch,postbuy_research,7ec9ff783c084d16,af1a5cdd1e35f809,0f7e88b93e951ca8,,61,61,61,1211,1211,81,81,0,"{""dispatch"":{""entry_family"":""broad_launch"",""entry_gate"":""v6_asof_family"",""mode"":""exact_entry_family"",""path"":""main_snapshot_exact_family""},""fields"":{""entry_family"":""broad_launch"",""entry_filter"":{""min_m5_trades"":3,""min_m5_volume_usd"":200.0},""entry_gate"":""v6_asof_family"",""entry_match_mode"":""exact_entry_family""}}","{""dex_positive_trailing_drawdown"":0.35,""dex_research_delay_minutes"":1.0,""dex_research_min_buy_ratio"":0.55,""dex_research_min_volume_5m_usd"":1000.0,""exact_risk_alerts"":""shared_preemptive"",""exit_family"":""postbuy_research"",""exit_mode"":""executable_equity_dynamic_backoff"",""hard_stop_return"":-0.35,""max_hold_minutes"":240.0,""take_profit"":[{""fraction_of_remaining"":0.2,""return"":0.8},{""fraction_of_remaining"":0.25,""return"":1.8},{""fraction_of_remaining"":0.35,""return"":3.5},{""fraction_of_remaining"":1.0,""return"":7.0}],""trailing_activate_return"":0.6,""trailing_drawdown"":0.28}","{""_execution"":{""additional_fee_usd_each_fill"":0.0,""buy_slippage_bps"":400,""min_pool_liquidity_usd"":1000.0,""sell_slippage_bps"":400},""execution_profile"":""dexscreener-market-paper/v3-successor""}"
canonical-eaaf188e7835376f,canonical-eaaf188e7835376f,113,frozen_map,2026-09-06T15:29:28.508111Z,active_with_buy,exact_duplicate,465d2ede0b14bcb3,6,8ac2d751c1c554c6,6,main_snapshot_exact_family,broad_launch,balanced_harvest,bc45788e868e4283,49276e46c9331349,9c77660c388d6fc6,broad_balanced_harvest_flow_exit_v2,111,111,111,1475,1475,51,51,0,"{""dispatch"":{""entry_family"":""broad_launch"",""entry_gate"":""v6_asof_family"",""mode"":""main_snapshot_dispatch"",""path"":""main_snapshot_exact_family""},""fields"":{""entry_family"":""broad_launch"",""entry_gate"":""v6_asof_family""}}","{""exact_risk_alerts"":""shared_preemptive"",""exit_family"":""balanced_harvest"",""exit_mode"":""executable_equity_dynamic_backoff"",""flow_grace_minutes"":15.0,""hard_stop_return"":-0.35,""max_hold_minutes"":240.0,""minimum_buy_ratio"":0.45,""take_profit"":[{""fraction_of_remaining"":0.2,""return"":0.8},{""fraction_of_remaining"":0.25,""return"":1.8},{""fraction_of_remaining"":0.35,""return"":3.5},{""fraction_of_remaining"":1.0,""return"":7.0}],""trailing_activate_return"":0.6,""trailing_drawdown"":0.28,""zero_activity_grace_minutes"":15.0}","{""_execution"":{""additional_fee_usd_each_fill"":0.0,""buy_slippage_bps"":400,""min_pool_liquidity_usd"":1000.0,""sell_slippage_bps"":400},""execution_profile"":""dexscreener-market-paper/v2-before-after""}"
canonical-eb1795742aed4576,canonical-eb1795742aed4576,114,frozen_map,2026-09-06T15:29:28.508111Z,active_with_buy,same_entry_different_exit,eb1795742aed4576,1,8117498bbe68c7f8,2,main_snapshot_exact_family,flow_burst,balanced_harvest,09e87a237979d7b9,60d7197d86ab1e72,9c77660c388d6fc6,,3,3,3,9,9,6,6,0,"{""dispatch"":{""entry_family"":""flow_burst"",""entry_gate"":""v6_asof_family"",""mode"":""main_snapshot_dispatch"",""path"":""main_snapshot_exact_family""},""fields"":{""entry_family"":""flow_burst"",""entry_gate"":""v6_asof_family""}}","{""exact_risk_alerts"":""shared_preemptive"",""exit_family"":""balanced_harvest"",""exit_mode"":""market_mark_dynamic_one_shot_sell"",""hard_stop_return"":-0.35,""max_hold_minutes"":240.0,""take_profit"":[{""fraction_of_remaining"":0.2,""return"":0.8},{""fraction_of_remaining"":0.25,""return"":1.8},{""fraction_of_remaining"":0.35,""return"":3.5},{""fraction_of_remaining"":1.0,""return"":7.0}],""trailing_activate_return"":0.6,""trailing_drawdown"":0.28}","{""_execution"":{""additional_fee_usd_each_fill"":0.0,""buy_slippage_bps"":400,""min_pool_liquidity_usd"":1000.0,""sell_slippage_bps"":400},""execution_profile"":""dexscreener-market-paper/v2-before-after""}"
canonical-ecc266d212b9d0ef,canonical-ecc266d212b9d0ef,115,frozen_map,2026-09-06T15:29:28.508111Z,active_with_buy,same_entry_different_exit,ecc266d212b9d0ef,1,e79a43ad56aebff4,6,main_snapshot_exact_family,flow_burst,fast_escape,09e87a237979d7b9,904fc369870dac70,9c77660c388d6fc6,,3,3,3,9,9,6,6,0,"{""dispatch"":{""entry_family"":""flow_burst"",""entry_gate"":""v6_asof_family"",""mode"":""main_snapshot_dispatch"",""path"":""main_snapshot_exact_family""},""fields"":{""entry_family"":""flow_burst"",""entry_gate"":""v6_asof_family""}}","{""exact_risk_alerts"":""shared_preemptive"",""exit_family"":""fast_escape"",""exit_mode"":""executable_equity_dynamic_backoff"",""hard_stop_return"":-0.2,""max_hold_minutes"":30.0,""take_profit"":[{""fraction_of_remaining"":1.0,""return"":0.8}],""trailing_activate_return"":0.25,""trailing_drawdown"":0.12}","{""_execution"":{""additional_fee_usd_each_fill"":0.0,""buy_slippage_bps"":400,""min_pool_liquidity_usd"":1000.0,""sell_slippage_bps"":400},""execution_profile"":""dexscreener-market-paper/v2-before-after""}"
canonical-ef7bf4f71eeacb75,canonical-ef7bf4f71eeacb75,116,frozen_map,2026-09-06T15:29:28.508111Z,active_with_buy,exact_duplicate,673eba098787057e,6,b94bc4c2772fd105,6,main_snapshot_exact_family,flow_burst,balanced_harvest,f6ccfc52d5200c2d,c577ef160c73552d,9c77660c388d6fc6,main_mature_flow_acceleration_v2,0,0,0,1,1,1,1,0,"{""dispatch"":{""entry_family"":""flow_burst"",""entry_gate"":""v6_asof_family"",""mode"":""main_snapshot_dispatch"",""path"":""main_snapshot_exact_family""},""fields"":{""entry_family"":""flow_burst"",""entry_filter"":{""max_age_seconds_exclusive"":21600.0,""min_age_seconds"":3600.0,""min_m5_trades"":8,""min_m5_volume_usd"":500.0},""entry_gate"":""v6_asof_family""}}","{""exact_risk_alerts"":""shared_preemptive"",""exit_family"":""balanced_harvest"",""exit_mode"":""executable_equity_dynamic_backoff"",""hard_stop_return"":-0.35,""max_hold_minutes"":240.0,""take_profit"":[{""fraction_of_remaining"":0.2,""return"":0.8},{""fraction_of_remaining"":0.25,""return"":1.8},{""fraction_of_remaining"":0.35,""return"":3.5},{""fraction_of_remaining"":1.0,""return"":7.0}],""trailing_activate_return"":0.6,""trailing_drawdown"":0.28}","{""_execution"":{""additional_fee_usd_each_fill"":0.0,""buy_slippage_bps"":400,""min_pool_liquidity_usd"":1000.0,""sell_slippage_bps"":400},""execution_profile"":""dexscreener-market-paper/v2-before-after""}"
canonical-efdc816cff3321dd,canonical-efdc816cff3321dd,117,frozen_map,2026-09-06T15:29:28.508111Z,active_with_buy,exact_duplicate,0d4950a1f1d06ca5,6,98aadae68976e129,6,main_snapshot_exact_family,flow_burst,peak_guard,f6ccfc52d5200c2d,7a6c26e429481f73,9c77660c388d6fc6,main_mature_flow_acceleration_v2,0,0,0,1,1,1,1,0,"{""dispatch"":{""entry_family"":""flow_burst"",""entry_gate"":""v6_asof_family"",""mode"":""main_snapshot_dispatch"",""path"":""main_snapshot_exact_family""},""fields"":{""entry_family"":""flow_burst"",""entry_filter"":{""max_age_seconds_exclusive"":21600.0,""min_age_seconds"":3600.0,""min_m5_trades"":8,""min_m5_volume_usd"":500.0},""entry_gate"":""v6_asof_family""}}","{""exact_risk_alerts"":""shared_preemptive"",""exit_family"":""peak_guard"",""exit_mode"":""executable_equity_dynamic_backoff"",""hard_stop_return"":-0.35,""max_hold_minutes"":240.0,""take_profit"":[{""fraction_of_remaining"":0.2,""return"":0.8},{""fraction_of_remaining"":0.25,""return"":1.8},{""fraction_of_remaining"":0.35,""return"":3.5},{""fraction_of_remaining"":1.0,""return"":7.0}],""trailing_activate_return"":0.4,""trailing_drawdown"":0.15}","{""_execution"":{""additional_fee_usd_each_fill"":0.0,""buy_slippage_bps"":400,""min_pool_liquidity_usd"":1000.0,""sell_slippage_bps"":400},""execution_profile"":""dexscreener-market-paper/v2-before-after""}"
dex-successor-118-f336bf0ae10004cd,canonical-f336bf0ae10004cd,118,frozen_map,2026-09-06T15:29:28.508111Z,active_with_buy,exact_duplicate,8283ae3c2496a12e,2,583183dcd382239c,2,main_snapshot_dex_visible,dex_visible_successor,dynamic,8da3fd98c59f96c0,dc0610e4b95f3029,0f7e88b93e951ca8,,115,115,115,1242,1242,51,51,0,"{""dispatch"":{""entry_family"":""dex_visible_successor"",""mode"":""dex_visible"",""path"":""main_snapshot_dex_visible""},""fields"":{""entry_family"":""dex_visible_successor"",""entry_filter"":{""min_m5_trades"":3,""min_m5_volume_usd"":200.0},""entry_gate"":""rug_safety"",""entry_match_mode"":""dex_visible""}}","{""emergency_liquidity_usd"":3000.0,""exit_family"":""dynamic"",""exit_mode"":""dynamic"",""hard_stop_return"":-0.35,""max_hold_minutes"":240.0,""take_profit"":[{""fraction_of_remaining"":0.2,""return"":0.8},{""fraction_of_remaining"":0.25,""return"":1.8},{""fraction_of_remaining"":0.35,""return"":3.5},{""fraction_of_remaining"":1.0,""return"":7.0}],""trailing_activate_return"":0.6,""trailing_drawdown"":0.28,""zero_activity_grace_minutes"":5.0}","{""_execution"":{""additional_fee_usd_each_fill"":0.0,""buy_slippage_bps"":400,""min_pool_liquidity_usd"":1000.0,""sell_slippage_bps"":400},""execution_profile"":""dexscreener-market-paper/v3-successor""}"
dex-successor-119-f3cf5416894220d7,canonical-f3cf5416894220d7,119,frozen_map,2026-09-06T15:29:28.508111Z,active_with_buy,exact_duplicate,8283ae3c2496a12e,2,ab8d371913262bc5,2,main_snapshot_dex_visible,dex_visible_successor,dynamic,c0f2a6d65f257176,dc0610e4b95f3029,0f7e88b93e951ca8,,115,115,115,1242,1242,51,51,0,"{""dispatch"":{""entry_family"":""dex_visible_successor"",""mode"":""dex_visible"",""path"":""main_snapshot_dex_visible""},""fields"":{""entry_family"":""dex_visible_successor"",""entry_filter"":{""min_m5_trades"":3,""min_m5_volume_usd"":200.0},""entry_gate"":""economic_route"",""entry_match_mode"":""dex_visible""}}","{""emergency_liquidity_usd"":3000.0,""exit_family"":""dynamic"",""exit_mode"":""dynamic"",""hard_stop_return"":-0.35,""max_hold_minutes"":240.0,""take_profit"":[{""fraction_of_remaining"":0.2,""return"":0.8},{""fraction_of_remaining"":0.25,""return"":1.8},{""fraction_of_remaining"":0.35,""return"":3.5},{""fraction_of_remaining"":1.0,""return"":7.0}],""trailing_activate_return"":0.6,""trailing_drawdown"":0.28,""zero_activity_grace_minutes"":5.0}","{""_execution"":{""additional_fee_usd_each_fill"":0.0,""buy_slippage_bps"":400,""min_pool_liquidity_usd"":1000.0,""sell_slippage_bps"":400},""execution_profile"":""dexscreener-market-paper/v3-successor""}"
dex-successor-120-f98e117baa206954,canonical-f98e117baa206954,120,frozen_map,2026-09-06T15:29:28.508111Z,active_with_buy,same_entry_different_exit,6944a3280622dc4e,1,a8952ca458a0abc8,1,main_snapshot_dex_visible,dex_visible_successor,fixed_horizons,26df00dfcbf5322e,5a6e919fa9a0c8a3,0f7e88b93e951ca8,,50,50,50,1242,1242,47,47,0,"{""dispatch"":{""entry_family"":""dex_visible_successor"",""mode"":""dex_visible"",""path"":""main_snapshot_dex_visible""},""fields"":{""entry_family"":""dex_visible_successor"",""entry_filter"":{""min_m5_trades"":3,""min_m5_volume_usd"":200.0},""entry_gate"":""two_way_route"",""entry_match_mode"":""dex_visible""}}","{""exit_family"":""fixed_horizons"",""exit_mode"":""fixed_horizons"",""max_hold_minutes"":240.0}","{""_execution"":{""additional_fee_usd_each_fill"":0.0,""buy_slippage_bps"":400,""min_pool_liquidity_usd"":1000.0,""sell_slippage_bps"":400},""execution_profile"":""dexscreener-market-paper/v3-successor""}"
dex-successor-121-fa93589262a321f9,canonical-fa93589262a321f9,121,frozen_map,2026-09-06T15:29:28.508111Z,active_with_buy,exact_duplicate,7c383f78d1358153,6,9d9c06b0bcf61aae,6,main_snapshot_exact_family,flow_burst,postbuy_research,5c6be3cf073c16c5,af1a5cdd1e35f809,0f7e88b93e951ca8,main_mature_flow_acceleration_v2,0,0,0,1,1,1,1,0,"{""dispatch"":{""entry_family"":""flow_burst"",""entry_gate"":""v6_asof_family"",""mode"":""exact_entry_family"",""path"":""main_snapshot_exact_family""},""fields"":{""entry_family"":""flow_burst"",""entry_filter"":{""max_age_seconds_exclusive"":21600.0,""min_age_seconds"":3600.0,""min_m5_trades"":8,""min_m5_volume_usd"":500.0},""entry_gate"":""v6_asof_family"",""entry_match_mode"":""exact_entry_family""}}","{""dex_positive_trailing_drawdown"":0.35,""dex_research_delay_minutes"":1.0,""dex_research_min_buy_ratio"":0.55,""dex_research_min_volume_5m_usd"":1000.0,""exact_risk_alerts"":""shared_preemptive"",""exit_family"":""postbuy_research"",""exit_mode"":""executable_equity_dynamic_backoff"",""hard_stop_return"":-0.35,""max_hold_minutes"":240.0,""take_profit"":[{""fraction_of_remaining"":0.2,""return"":0.8},{""fraction_of_remaining"":0.25,""return"":1.8},{""fraction_of_remaining"":0.35,""return"":3.5},{""fraction_of_remaining"":1.0,""return"":7.0}],""trailing_activate_return"":0.6,""trailing_drawdown"":0.28}","{""_execution"":{""additional_fee_usd_each_fill"":0.0,""buy_slippage_bps"":400,""min_pool_liquidity_usd"":1000.0,""sell_slippage_bps"":400},""execution_profile"":""dexscreener-market-paper/v3-successor""}"
dex-successor-122-fa9e8436a3a39c63,canonical-fa9e8436a3a39c63,122,frozen_map,2026-09-06T15:29:28.508111Z,active_with_buy,exact_duplicate,7c383f78d1358153,6,9d9c06b0bcf61aae,6,main_snapshot_exact_family,flow_burst,postbuy_research,5c6be3cf073c16c5,af1a5cdd1e35f809,0f7e88b93e951ca8,main_mature_flow_acceleration_v2,0,0,0,1,1,1,1,0,"{""dispatch"":{""entry_family"":""flow_burst"",""entry_gate"":""v6_asof_family"",""mode"":""exact_entry_family"",""path"":""main_snapshot_exact_family""},""fields"":{""entry_family"":""flow_burst"",""entry_filter"":{""max_age_seconds_exclusive"":21600.0,""min_age_seconds"":3600.0,""min_m5_trades"":8,""min_m5_volume_usd"":500.0},""entry_gate"":""v6_asof_family"",""entry_match_mode"":""exact_entry_family""}}","{""dex_positive_trailing_drawdown"":0.35,""dex_research_delay_minutes"":1.0,""dex_research_min_buy_ratio"":0.55,""dex_research_min_volume_5m_usd"":1000.0,""exact_risk_alerts"":""shared_preemptive"",""exit_family"":""postbuy_research"",""exit_mode"":""executable_equity_dynamic_backoff"",""hard_stop_return"":-0.35,""max_hold_minutes"":240.0,""take_profit"":[{""fraction_of_remaining"":0.2,""return"":0.8},{""fraction_of_remaining"":0.25,""return"":1.8},{""fraction_of_remaining"":0.35,""return"":3.5},{""fraction_of_remaining"":1.0,""return"":7.0}],""trailing_activate_return"":0.6,""trailing_drawdown"":0.28}","{""_execution"":{""additional_fee_usd_each_fill"":0.0,""buy_slippage_bps"":400,""min_pool_liquidity_usd"":1000.0,""sell_slippage_bps"":400},""execution_profile"":""dexscreener-market-paper/v3-successor""}"
dex-successor-123-fdcf73ca24c18fcc,canonical-fdcf73ca24c18fcc,123,frozen_map,2026-09-06T15:29:28.508111Z,active_with_buy,exact_duplicate,653ff2d2cfeddd98,6,489d09a8088a1c11,6,main_snapshot_exact_family,broad_launch,postbuy_research,7ec9ff783c084d16,af1a5cdd1e35f809,0f7e88b93e951ca8,,61,61,61,1211,1211,81,81,0,"{""dispatch"":{""entry_family"":""broad_launch"",""entry_gate"":""v6_asof_family"",""mode"":""exact_entry_family"",""path"":""main_snapshot_exact_family""},""fields"":{""entry_family"":""broad_launch"",""entry_filter"":{""min_m5_trades"":3,""min_m5_volume_usd"":200.0},""entry_gate"":""v6_asof_family"",""entry_match_mode"":""exact_entry_family""}}","{""dex_positive_trailing_drawdown"":0.35,""dex_research_delay_minutes"":1.0,""dex_research_min_buy_ratio"":0.55,""dex_research_min_volume_5m_usd"":1000.0,""exact_risk_alerts"":""shared_preemptive"",""exit_family"":""postbuy_research"",""exit_mode"":""executable_equity_dynamic_backoff"",""hard_stop_return"":-0.35,""max_hold_minutes"":240.0,""take_profit"":[{""fraction_of_remaining"":0.2,""return"":0.8},{""fraction_of_remaining"":0.25,""return"":1.8},{""fraction_of_remaining"":0.35,""return"":3.5},{""fraction_of_remaining"":1.0,""return"":7.0}],""trailing_activate_return"":0.6,""trailing_drawdown"":0.28}","{""_execution"":{""additional_fee_usd_each_fill"":0.0,""buy_slippage_bps"":400,""min_pool_liquidity_usd"":1000.0,""sell_slippage_bps"":400},""execution_profile"":""dexscreener-market-paper/v3-successor""}"
canonical-fddc0b4e14f1836f,canonical-fddc0b4e14f1836f,124,frozen_map,2026-09-06T15:29:28.508111Z,active_with_buy,exact_duplicate,7c8fb78641cf1625,6,cf17fff932331f64,6,main_snapshot_exact_family,flow_burst,fast_escape,f6ccfc52d5200c2d,904fc369870dac70,9c77660c388d6fc6,main_mature_flow_acceleration_v2,0,0,0,1,1,1,1,0,"{""dispatch"":{""entry_family"":""flow_burst"",""entry_gate"":""v6_asof_family"",""mode"":""main_snapshot_dispatch"",""path"":""main_snapshot_exact_family""},""fields"":{""entry_family"":""flow_burst"",""entry_filter"":{""max_age_seconds_exclusive"":21600.0,""min_age_seconds"":3600.0,""min_m5_trades"":8,""min_m5_volume_usd"":500.0},""entry_gate"":""v6_asof_family""}}","{""exact_risk_alerts"":""shared_preemptive"",""exit_family"":""fast_escape"",""exit_mode"":""executable_equity_dynamic_backoff"",""hard_stop_return"":-0.2,""max_hold_minutes"":30.0,""take_profit"":[{""fraction_of_remaining"":1.0,""return"":0.8}],""trailing_activate_return"":0.25,""trailing_drawdown"":0.12}","{""_execution"":{""additional_fee_usd_each_fill"":0.0,""buy_slippage_bps"":400,""min_pool_liquidity_usd"":1000.0,""sell_slippage_bps"":400},""execution_profile"":""dexscreener-market-paper/v2-before-after""}"
broad_principal_lock_runner_v1,additive-broad-principal-lock-runner-v1,125,frozen_map,2026-09-06T15:29:28.508111Z,active_with_buy,same_entry_different_exit,3e6e60377d3309a3,1,7d9a7ee59006314e,1,main_snapshot_exact_family,broad_launch,principal_lock_runner,bc45788e868e4283,5ec18ead57572c7d,9c77660c388d6fc6,,101,101,101,1475,1475,109,109,0,"{""dispatch"":{""entry_family"":""broad_launch"",""entry_gate"":""v6_asof_family"",""mode"":""main_snapshot_dispatch"",""path"":""main_snapshot_exact_family""},""fields"":{""entry_family"":""broad_launch"",""entry_gate"":""v6_asof_family""}}","{""exact_risk_alerts"":""shadow_only_no_trading_authority"",""exit_family"":""principal_lock_runner"",""exit_mode"":""market_mark_principal_recovery_runner"",""hard_stop_return"":-0.2,""max_hold_minutes"":240.0,""runner_review_minutes"":30.0,""take_profit"":[{""fraction_of_remaining"":0.75,""return"":0.4}],""trailing_activate_return"":0.4,""trailing_drawdown"":0.5}","{""_execution"":{""additional_fee_usd_each_fill"":0.0,""buy_slippage_bps"":400,""min_pool_liquidity_usd"":1000.0,""sell_slippage_bps"":400},""execution_profile"":""dexscreener-market-paper/v2-before-after""}"
broad_flash_tail_first_mover_v1,additive-broad-flash-tail-first-mover-v1,126,frozen_map,2026-09-06T15:29:28.508111Z,active_with_buy,distinct,de08e3609b016831,1,e2f88f9aac2bffef,1,main_snapshot_exact_family,broad_launch,flash_tail_first_mover,cf36a888d3156181,0c266688736f0268,9c77660c388d6fc6,,53,53,53,262,262,93,93,0,"{""dispatch"":{""entry_family"":""broad_launch"",""entry_gate"":""v6_asof_family_with_policy_filter"",""mode"":""main_snapshot_dispatch"",""path"":""main_snapshot_exact_family""},""fields"":{""entry_family"":""broad_launch"",""entry_filter"":{""max_age_seconds_exclusive"":120.0,""min_m5_trades"":50,""min_m5_volume_usd"":200.0,""prior55_trades_equal"":0},""entry_gate"":""v6_asof_family_with_policy_filter""}}","{""exact_risk_alerts"":""shadow_only_no_trading_authority"",""exit_family"":""flash_tail_first_mover"",""exit_mode"":""market_mark_fast_tail_capture"",""hard_stop_return"":-0.2,""max_hold_minutes"":5.0,""take_profit"":[{""fraction_of_remaining"":0.5,""return"":0.4},{""fraction_of_remaining"":1.0,""return"":0.8}]}","{""_execution"":{""additional_fee_usd_each_fill"":0.0,""buy_slippage_bps"":400,""min_pool_liquidity_usd"":1000.0,""sell_slippage_bps"":400},""execution_profile"":""dexscreener-market-paper/v2-before-after""}"
broad_mature_continuity_control_v1,additive-broad-mature-continuity-control-v1,127,frozen_map,2026-09-06T15:29:28.508111Z,active_with_buy,distinct,7dc9034d2b452a62,1,f5645422bec3bcda,1,forward_pattern_isolated,broad_launch,mature_continuity_control,ffd7476064bbf067,6625c8151c446fbf,9c77660c388d6fc6,,100,100,100,7430,7430,75,75,0,"{""dispatch"":{""contract"":null,""control"":null,""direction"":null,""mode"":""isolated_pattern_observer"",""path"":""forward_pattern_isolated""},""fields"":{""entry_family"":""broad_launch"",""entry_filter"":{""max_age_seconds"":900.0,""min_age_seconds"":300.0,""min_prior55_trades_exclusive"":2},""entry_gate"":""v6_asof_family_with_policy_filter"",""entry_match_mode"":""isolated_pattern_observer"",""entry_revision_kind"":""mature_confirmation""}}","{""exact_risk_alerts"":""shadow_only_no_trading_authority"",""exit_family"":""mature_continuity_control"",""exit_mode"":""market_mark_fast_escape_control"",""hard_stop_return"":-0.2,""max_hold_minutes"":30.0,""take_profit"":[{""fraction_of_remaining"":1.0,""return"":0.8}],""trailing_activate_return"":0.25,""trailing_drawdown"":0.12}","{""_execution"":{""additional_fee_usd_each_fill"":0.0,""buy_slippage_bps"":400,""min_pool_liquidity_usd"":1000.0,""sell_slippage_bps"":400},""execution_profile"":""dexscreener-market-paper/v2-before-after""}"
broad_cost_coverage_scaleout_v1,additive-broad-cost-coverage-scaleout-v1,128,frozen_map,2026-09-06T15:29:28.508111Z,active_with_buy,distinct,e6f8293da010cb3f,1,f44750b8b544246b,1,main_snapshot_exact_family,broad_launch,cost_coverage_full_realize,3669f6fc76dd52bf,65194665065e00e0,9c77660c388d6fc6,,138,138,137,1475,1475,66,66,0,"{""dispatch"":{""entry_family"":""broad_launch"",""entry_gate"":""v6_asof_family"",""mode"":""main_snapshot_dispatch"",""path"":""main_snapshot_exact_family""},""fields"":{""entry_family"":""broad_launch"",""entry_gate"":""v6_asof_family"",""no_historical_backfill"":true}}","{""exact_risk_alerts"":""shadow_only_no_trading_authority"",""exit_family"":""cost_coverage_full_realize"",""exit_mode"":""market_mark_cost_coverage_scaleout"",""hard_stop_return"":-0.2,""max_hold_minutes"":15.0,""take_profit"":[{""fraction_of_remaining"":1.0,""return"":0.3}],""trailing_activate_return"":0.12,""trailing_drawdown"":0.15}","{""_execution"":{""additional_fee_usd_each_fill"":0.0,""buy_slippage_bps"":400,""min_pool_liquidity_usd"":1000.0,""sell_slippage_bps"":400},""execution_profile"":""dexscreener-market-paper/v2-before-after""}"
experiment_quiet_reawakening_candidate_v1,experiment_quiet_reawakening_candidate_v1,129,frozen_map,2026-09-06T15:29:28.508111Z,dormant_coverage_unknown,different_entry_same_exit,3ca72da6e6f807ac,1,5ffc34d5aca71248,1,forward_pattern_isolated,quiet_reawakening,pattern_cost_scaleout,13dca6f0176ae01b,275dfb06b0dc59f2,9c77660c388d6fc6,,0,0,0,0,0,0,0,0,"{""dispatch"":{""contract"":""forward-patterns/v1"",""control"":false,""direction"":""quiet_reawakening"",""mode"":""isolated_pattern_observer"",""path"":""forward_pattern_isolated""},""fields"":{""entry_family"":""quiet_reawakening"",""entry_filter"":{""contract"":""forward-patterns/v1"",""control"":false,""direction"":""quiet_reawakening"",""max_gap_seconds"":90,""maximum_quiet_lookback_seconds"":900.0,""minimum_liquidity_retention"":0.8,""minimum_pool_age_seconds"":21600.0,""minimum_quiet_frames"":3,""minimum_quiet_span_seconds"":120.0,""quiet_max_trades"":2,""quiet_max_volume_usd"":200.0,""quiet_price_range_ratio"":1.1,""trigger_min_buy_ratio"":0.55,""trigger_min_trades"":10,""trigger_min_volume_usd"":1000.0,""trigger_price_reawakening_ratio"":1.12},""entry_gate"":""bounded_pattern_observer_v1"",""entry_match_mode"":""isolated_pattern_observer"",""entry_revision_kind"":""quiet_reawakening_confirmation"",""no_historical_backfill"":true}}","{""exact_risk_alerts"":""shadow_only_no_trading_authority"",""exit_family"":""pattern_cost_scaleout"",""exit_mode"":""market_mark_pattern_scaleout"",""hard_stop_return"":-0.2,""max_hold_minutes"":15.0,""take_profit"":[{""fraction_of_remaining"":0.5,""return"":0.3},{""fraction_of_remaining"":1.0,""return"":0.8}],""trailing_activate_return"":0.3,""trailing_drawdown"":0.15}","{""_execution"":{""additional_fee_usd_each_fill"":0.0,""buy_slippage_bps"":400,""min_pool_liquidity_usd"":1000.0,""sell_slippage_bps"":400},""execution_profile"":""dexscreener-market-paper/v2-before-after""}"
experiment_quiet_reawakening_control_v1,experiment_quiet_reawakening_control_v1,130,frozen_map,2026-09-06T15:29:28.508111Z,active_with_buy,different_entry_same_exit,9d93809939fda946,1,9c596d56d7ee793e,1,forward_pattern_isolated,quiet_reawakening,pattern_cost_scaleout,354c766c8e459618,275dfb06b0dc59f2,9c77660c388d6fc6,,13,13,13,63,63,50,50,0,"{""dispatch"":{""contract"":""forward-patterns/v1"",""control"":true,""direction"":""quiet_reawakening"",""mode"":""isolated_pattern_observer"",""path"":""forward_pattern_isolated""},""fields"":{""entry_family"":""quiet_reawakening"",""entry_filter"":{""contract"":""forward-patterns/v1"",""control"":true,""direction"":""quiet_reawakening"",""max_gap_seconds"":90},""entry_gate"":""bounded_pattern_observer_v1"",""entry_match_mode"":""isolated_pattern_observer"",""no_historical_backfill"":true}}","{""exact_risk_alerts"":""shadow_only_no_trading_authority"",""exit_family"":""pattern_cost_scaleout"",""exit_mode"":""market_mark_pattern_scaleout"",""hard_stop_return"":-0.2,""max_hold_minutes"":15.0,""take_profit"":[{""fraction_of_remaining"":0.5,""return"":0.3},{""fraction_of_remaining"":1.0,""return"":0.8}],""trailing_activate_return"":0.3,""trailing_drawdown"":0.15}","{""_execution"":{""additional_fee_usd_each_fill"":0.0,""buy_slippage_bps"":400,""min_pool_liquidity_usd"":1000.0,""sell_slippage_bps"":400},""execution_profile"":""dexscreener-market-paper/v2-before-after""}"
experiment_sustained_breakout_candidate_v1,experiment_sustained_breakout_candidate_v1,131,frozen_map,2026-09-06T15:29:28.508111Z,active_with_buy,different_entry_same_exit,23656d94fa13e53f,1,5e9830b2b48896a7,1,forward_pattern_isolated,sustained_breakout,pattern_cost_scaleout,e7fc76f2fb291f1b,275dfb06b0dc59f2,9c77660c388d6fc6,,42,42,42,931,931,146,146,0,"{""dispatch"":{""contract"":""forward-patterns/v1"",""control"":false,""direction"":""sustained_breakout"",""mode"":""isolated_pattern_observer"",""path"":""forward_pattern_isolated""},""fields"":{""entry_family"":""sustained_breakout"",""entry_filter"":{""contract"":""forward-patterns/v1"",""control"":false,""direction"":""sustained_breakout"",""max_gap_seconds"":90},""entry_gate"":""bounded_pattern_observer_v1"",""entry_match_mode"":""isolated_pattern_observer"",""no_historical_backfill"":true}}","{""exact_risk_alerts"":""shadow_only_no_trading_authority"",""exit_family"":""pattern_cost_scaleout"",""exit_mode"":""market_mark_pattern_scaleout"",""hard_stop_return"":-0.2,""max_hold_minutes"":15.0,""take_profit"":[{""fraction_of_remaining"":0.5,""return"":0.3},{""fraction_of_remaining"":1.0,""return"":0.8}],""trailing_activate_return"":0.3,""trailing_drawdown"":0.15}","{""_execution"":{""additional_fee_usd_each_fill"":0.0,""buy_slippage_bps"":400,""min_pool_liquidity_usd"":1000.0,""sell_slippage_bps"":400},""execution_profile"":""dexscreener-market-paper/v2-before-after""}"
experiment_sustained_breakout_control_v1,experiment_sustained_breakout_control_v1,132,frozen_map,2026-09-06T15:29:28.508111Z,active_with_buy,different_entry_same_exit,48bdc8e671fc0ac6,1,aba28d0dc717c91e,1,forward_pattern_isolated,sustained_breakout,pattern_cost_scaleout,bae03c7e4139f89c,275dfb06b0dc59f2,9c77660c388d6fc6,,45,45,45,2649,2649,143,143,0,"{""dispatch"":{""contract"":""forward-patterns/v1"",""control"":true,""direction"":""sustained_breakout"",""mode"":""isolated_pattern_observer"",""path"":""forward_pattern_isolated""},""fields"":{""entry_family"":""sustained_breakout"",""entry_filter"":{""contract"":""forward-patterns/v1"",""control"":true,""direction"":""sustained_breakout"",""max_gap_seconds"":90},""entry_gate"":""bounded_pattern_observer_v1"",""entry_match_mode"":""isolated_pattern_observer"",""no_historical_backfill"":true}}","{""exact_risk_alerts"":""shadow_only_no_trading_authority"",""exit_family"":""pattern_cost_scaleout"",""exit_mode"":""market_mark_pattern_scaleout"",""hard_stop_return"":-0.2,""max_hold_minutes"":15.0,""take_profit"":[{""fraction_of_remaining"":0.5,""return"":0.3},{""fraction_of_remaining"":1.0,""return"":0.8}],""trailing_activate_return"":0.3,""trailing_drawdown"":0.15}","{""_execution"":{""additional_fee_usd_each_fill"":0.0,""buy_slippage_bps"":400,""min_pool_liquidity_usd"":1000.0,""sell_slippage_bps"":400},""execution_profile"":""dexscreener-market-paper/v2-before-after""}"
experiment_pullback_reclaim_candidate_v1,experiment_pullback_reclaim_candidate_v1,133,frozen_map,2026-09-06T15:29:28.508111Z,active_with_buy,different_entry_same_exit,b0903545b57a0406,1,e01f0a7ad067a5da,1,forward_pattern_isolated,pullback_reclaim,pattern_cost_scaleout,3bfd02e675502945,275dfb06b0dc59f2,9c77660c388d6fc6,,8,8,8,96,96,88,88,0,"{""dispatch"":{""contract"":""forward-patterns/v1"",""control"":false,""direction"":""pullback_reclaim"",""mode"":""isolated_pattern_observer"",""path"":""forward_pattern_isolated""},""fields"":{""entry_family"":""pullback_reclaim"",""entry_filter"":{""contract"":""forward-patterns/v1"",""control"":false,""direction"":""pullback_reclaim"",""max_gap_seconds"":90},""entry_gate"":""bounded_pattern_observer_v1"",""entry_match_mode"":""isolated_pattern_observer"",""no_historical_backfill"":true}}","{""exact_risk_alerts"":""shadow_only_no_trading_authority"",""exit_family"":""pattern_cost_scaleout"",""exit_mode"":""market_mark_pattern_scaleout"",""hard_stop_return"":-0.2,""max_hold_minutes"":15.0,""take_profit"":[{""fraction_of_remaining"":0.5,""return"":0.3},{""fraction_of_remaining"":1.0,""return"":0.8}],""trailing_activate_return"":0.3,""trailing_drawdown"":0.15}","{""_execution"":{""additional_fee_usd_each_fill"":0.0,""buy_slippage_bps"":400,""min_pool_liquidity_usd"":1000.0,""sell_slippage_bps"":400},""execution_profile"":""dexscreener-market-paper/v2-before-after""}"
experiment_pullback_reclaim_control_v1,experiment_pullback_reclaim_control_v1,134,frozen_map,2026-09-06T15:29:28.508111Z,active_with_buy,different_entry_same_exit,abdd7b3e1a7b9979,1,727d298171ac366e,1,forward_pattern_isolated,pullback_reclaim,pattern_cost_scaleout,282c0848cbe40c42,275dfb06b0dc59f2,9c77660c388d6fc6,,50,50,50,3194,3194,159,159,0,"{""dispatch"":{""contract"":""forward-patterns/v1"",""control"":true,""direction"":""pullback_reclaim"",""mode"":""isolated_pattern_observer"",""path"":""forward_pattern_isolated""},""fields"":{""entry_family"":""pullback_reclaim"",""entry_filter"":{""contract"":""forward-patterns/v1"",""control"":true,""direction"":""pullback_reclaim"",""max_gap_seconds"":90},""entry_gate"":""bounded_pattern_observer_v1"",""entry_match_mode"":""isolated_pattern_observer"",""no_historical_backfill"":true}}","{""exact_risk_alerts"":""shadow_only_no_trading_authority"",""exit_family"":""pattern_cost_scaleout"",""exit_mode"":""market_mark_pattern_scaleout"",""hard_stop_return"":-0.2,""max_hold_minutes"":15.0,""take_profit"":[{""fraction_of_remaining"":0.5,""return"":0.3},{""fraction_of_remaining"":1.0,""return"":0.8}],""trailing_activate_return"":0.3,""trailing_drawdown"":0.15}","{""_execution"":{""additional_fee_usd_each_fill"":0.0,""buy_slippage_bps"":400,""min_pool_liquidity_usd"":1000.0,""sell_slippage_bps"":400},""execution_profile"":""dexscreener-market-paper/v2-before-after""}"
experiment_conditional_runner_candidate_v1,experiment_conditional_runner_candidate_v1,135,frozen_map,2026-09-06T15:29:28.508111Z,active_with_buy,distinct,04ac41d9e4d5dd85,1,69d3b2b95185d0ce,1,forward_pattern_isolated,conditional_runner,conditional_runner,6619cd92092ea24d,5653b6c4b86cd2cd,9c77660c388d6fc6,,116,116,116,342,342,226,226,0,"{""dispatch"":{""contract"":""forward-patterns/v1"",""control"":false,""direction"":""conditional_runner"",""mode"":""isolated_pattern_observer"",""path"":""forward_pattern_isolated""},""fields"":{""entry_family"":""conditional_runner"",""entry_filter"":{""contract"":""forward-patterns/v1"",""control"":false,""direction"":""conditional_runner"",""max_gap_seconds"":90},""entry_gate"":""bounded_pattern_observer_v1"",""entry_match_mode"":""isolated_pattern_observer"",""entry_revision_kind"":""conditional_runner_confirmation"",""no_historical_backfill"":true,""paired_entry_group"":""conditional_runner_revision_v2""}}","{""conditional_exit"":{""buy_ratio_min"":0.55,""enabled"":true,""liquidity_retention_min"":0.8,""samples"":2},""exact_risk_alerts"":""shadow_only_no_trading_authority"",""exit_family"":""conditional_runner"",""exit_mode"":""market_mark_pattern_scaleout"",""hard_stop_return"":-0.2,""max_hold_minutes"":15.0,""take_profit"":[{""fraction_of_remaining"":1.0,""return"":0.12},{""fraction_of_remaining"":1.0,""return"":0.3}],""trailing_activate_return"":0.12,""trailing_drawdown"":0.15}","{""_execution"":{""additional_fee_usd_each_fill"":0.0,""buy_slippage_bps"":400,""min_pool_liquidity_usd"":1000.0,""sell_slippage_bps"":400},""execution_profile"":""dexscreener-market-paper/v2-before-after""}"
experiment_conditional_runner_control_v1,experiment_conditional_runner_control_v1,136,frozen_map,2026-09-06T15:29:28.508111Z,active_with_buy,distinct,574b41575afb0d69,1,74390db1a34214f0,1,forward_pattern_isolated,conditional_runner,quick_realize,cdc7c7939b030edf,7bf86e99b6ae2c06,9c77660c388d6fc6,,116,116,116,342,342,226,226,0,"{""dispatch"":{""contract"":""forward-patterns/v1"",""control"":true,""direction"":""conditional_runner"",""mode"":""isolated_pattern_observer"",""path"":""forward_pattern_isolated""},""fields"":{""entry_family"":""conditional_runner"",""entry_filter"":{""contract"":""forward-patterns/v1"",""control"":true,""direction"":""conditional_runner"",""max_gap_seconds"":90},""entry_gate"":""bounded_pattern_observer_v1"",""entry_match_mode"":""isolated_pattern_observer"",""entry_revision_kind"":""conditional_runner_confirmation"",""no_historical_backfill"":true,""paired_entry_group"":""conditional_runner_revision_v2""}}","{""conditional_exit"":{""buy_ratio_min"":0.55,""enabled"":false,""liquidity_retention_min"":0.8,""samples"":2},""exact_risk_alerts"":""shadow_only_no_trading_authority"",""exit_family"":""quick_realize"",""exit_mode"":""market_mark_pattern_scaleout"",""hard_stop_return"":-0.2,""max_hold_minutes"":15.0,""take_profit"":[{""fraction_of_remaining"":1.0,""return"":0.12},{""fraction_of_remaining"":1.0,""return"":0.3}],""trailing_activate_return"":0.12,""trailing_drawdown"":0.15}","{""_execution"":{""additional_fee_usd_each_fill"":0.0,""buy_slippage_bps"":400,""min_pool_liquidity_usd"":1000.0,""sell_slippage_bps"":400},""execution_profile"":""dexscreener-market-paper/v2-before-after""}"
experiment_panic_reclaim_candidate_v1,experiment_panic_reclaim_candidate_v1,137,frozen_map,2026-09-06T15:29:28.508111Z,active_with_buy,different_entry_same_exit,dd2dc3dfa37668d6,1,bd36fa15747d55c5,1,forward_pattern_isolated,panic_reclaim,pattern_cost_scaleout,bba7fbd1d93507b1,275dfb06b0dc59f2,9c77660c388d6fc6,,12,12,12,127,127,115,115,0,"{""dispatch"":{""contract"":""forward-patterns/v1"",""control"":false,""direction"":""panic_reclaim"",""mode"":""isolated_pattern_observer"",""path"":""forward_pattern_isolated""},""fields"":{""entry_family"":""panic_reclaim"",""entry_filter"":{""contract"":""forward-patterns/v1"",""control"":false,""direction"":""panic_reclaim"",""max_gap_seconds"":90},""entry_gate"":""bounded_pattern_observer_v1"",""entry_match_mode"":""isolated_pattern_observer"",""no_historical_backfill"":true}}","{""exact_risk_alerts"":""shadow_only_no_trading_authority"",""exit_family"":""pattern_cost_scaleout"",""exit_mode"":""market_mark_pattern_scaleout"",""hard_stop_return"":-0.2,""max_hold_minutes"":15.0,""take_profit"":[{""fraction_of_remaining"":0.5,""return"":0.3},{""fraction_of_remaining"":1.0,""return"":0.8}],""trailing_activate_return"":0.3,""trailing_drawdown"":0.15}","{""_execution"":{""additional_fee_usd_each_fill"":0.0,""buy_slippage_bps"":400,""min_pool_liquidity_usd"":1000.0,""sell_slippage_bps"":400},""execution_profile"":""dexscreener-market-paper/v2-before-after""}"
experiment_panic_reclaim_control_v1,experiment_panic_reclaim_control_v1,138,frozen_map,2026-09-06T15:29:28.508111Z,active_with_buy,different_entry_same_exit,b288dcf4cf5fe885,1,fd72d73b372d4e35,1,forward_pattern_isolated,panic_reclaim,pattern_cost_scaleout,dcb20c2d94cb4962,275dfb06b0dc59f2,9c77660c388d6fc6,,16,16,16,154,154,138,138,0,"{""dispatch"":{""contract"":""forward-patterns/v1"",""control"":true,""direction"":""panic_reclaim"",""mode"":""isolated_pattern_observer"",""path"":""forward_pattern_isolated""},""fields"":{""entry_family"":""panic_reclaim"",""entry_filter"":{""contract"":""forward-patterns/v1"",""control"":true,""direction"":""panic_reclaim"",""max_gap_seconds"":90},""entry_gate"":""bounded_pattern_observer_v1"",""entry_match_mode"":""isolated_pattern_observer"",""no_historical_backfill"":true}}","{""exact_risk_alerts"":""shadow_only_no_trading_authority"",""exit_family"":""pattern_cost_scaleout"",""exit_mode"":""market_mark_pattern_scaleout"",""hard_stop_return"":-0.2,""max_hold_minutes"":15.0,""take_profit"":[{""fraction_of_remaining"":0.5,""return"":0.3},{""fraction_of_remaining"":1.0,""return"":0.8}],""trailing_activate_return"":0.3,""trailing_drawdown"":0.15}","{""_execution"":{""additional_fee_usd_each_fill"":0.0,""buy_slippage_bps"":400,""min_pool_liquidity_usd"":1000.0,""sell_slippage_bps"":400},""execution_profile"":""dexscreener-market-paper/v2-before-after""}"
experiment_support_risk_candidate_v1,experiment_support_risk_candidate_v1,139,frozen_map,2026-09-06T15:29:28.508111Z,active_with_buy,different_entry_same_exit,82ce9b0078040821,1,cf443b58ec6ee23b,1,forward_pattern_isolated,support_risk,pattern_cost_scaleout,05e71125d3c11338,275dfb06b0dc59f2,9c77660c388d6fc6,,24,24,24,66,66,42,42,0,"{""dispatch"":{""contract"":""forward-patterns/v1"",""control"":false,""direction"":""support_risk"",""mode"":""isolated_pattern_observer"",""path"":""forward_pattern_isolated""},""fields"":{""entry_family"":""support_risk"",""entry_filter"":{""contract"":""forward-patterns/v1"",""control"":false,""direction"":""support_risk"",""evidence_basis"":""confirmed_raw_reserves_plus_available_effective_depth"",""max_gap_seconds"":90,""treatment"":""exclude_observed_unwind_or_synthetic_support_not_regularity_alone""},""entry_gate"":""bounded_pattern_observer_v1"",""entry_match_mode"":""isolated_pattern_observer"",""no_historical_backfill"":true}}","{""exact_risk_alerts"":""shadow_only_no_trading_authority"",""exit_family"":""pattern_cost_scaleout"",""exit_mode"":""market_mark_pattern_scaleout"",""hard_stop_return"":-0.2,""max_hold_minutes"":15.0,""take_profit"":[{""fraction_of_remaining"":0.5,""return"":0.3},{""fraction_of_remaining"":1.0,""return"":0.8}],""trailing_activate_return"":0.3,""trailing_drawdown"":0.15}","{""_execution"":{""additional_fee_usd_each_fill"":0.0,""buy_slippage_bps"":400,""min_pool_liquidity_usd"":1000.0,""sell_slippage_bps"":400},""execution_profile"":""dexscreener-market-paper/v2-before-after""}"
experiment_support_risk_control_v1,experiment_support_risk_control_v1,140,frozen_map,2026-09-06T15:29:28.508111Z,active_with_buy,different_entry_same_exit,27d0506b4d9d8bf8,1,c45d48c9b1de7d6f,1,forward_pattern_isolated,support_risk,pattern_cost_scaleout,31ff3458f607f79c,275dfb06b0dc59f2,9c77660c388d6fc6,,24,24,24,66,66,42,42,0,"{""dispatch"":{""contract"":""forward-patterns/v1"",""control"":true,""direction"":""support_risk"",""mode"":""isolated_pattern_observer"",""path"":""forward_pattern_isolated""},""fields"":{""entry_family"":""support_risk"",""entry_filter"":{""contract"":""forward-patterns/v1"",""control"":true,""direction"":""support_risk"",""evidence_basis"":""confirmed_raw_reserves_plus_available_effective_depth"",""max_gap_seconds"":90,""treatment"":""exclude_observed_unwind_or_synthetic_support_not_regularity_alone""},""entry_gate"":""bounded_pattern_observer_v1"",""entry_match_mode"":""isolated_pattern_observer"",""no_historical_backfill"":true}}","{""exact_risk_alerts"":""shadow_only_no_trading_authority"",""exit_family"":""pattern_cost_scaleout"",""exit_mode"":""market_mark_pattern_scaleout"",""hard_stop_return"":-0.2,""max_hold_minutes"":15.0,""take_profit"":[{""fraction_of_remaining"":0.5,""return"":0.3},{""fraction_of_remaining"":1.0,""return"":0.8}],""trailing_activate_return"":0.3,""trailing_drawdown"":0.15}","{""_execution"":{""additional_fee_usd_each_fill"":0.0,""buy_slippage_bps"":400,""min_pool_liquidity_usd"":1000.0,""sell_slippage_bps"":400},""execution_profile"":""dexscreener-market-paper/v2-before-after""}"
experiment_migration_candidate_v1,experiment_migration_candidate_v1,141,frozen_map,2026-09-06T15:29:28.508111Z,active_with_buy,different_entry_same_exit,0a3ca381f2696b3e,1,5e2553004f405bd6,1,forward_pattern_isolated,migration,pattern_cost_scaleout,5cf2bf33cc9335dc,275dfb06b0dc59f2,9c77660c388d6fc6,,23,23,23,169,169,146,146,0,"{""dispatch"":{""contract"":""forward-patterns/v1"",""control"":false,""direction"":""migration"",""mode"":""isolated_pattern_observer"",""path"":""forward_pattern_isolated""},""fields"":{""entry_family"":""migration"",""entry_filter"":{""contract"":""forward-patterns/v1"",""control"":false,""direction"":""migration"",""evidence_basis"":""post_deployment_migration_message_and_rpc_verified_new_pool"",""max_gap_seconds"":90},""entry_gate"":""bounded_pattern_observer_v1"",""entry_match_mode"":""isolated_pattern_observer"",""no_historical_backfill"":true}}","{""exact_risk_alerts"":""shadow_only_no_trading_authority"",""exit_family"":""pattern_cost_scaleout"",""exit_mode"":""market_mark_pattern_scaleout"",""hard_stop_return"":-0.2,""max_hold_minutes"":15.0,""take_profit"":[{""fraction_of_remaining"":0.5,""return"":0.3},{""fraction_of_remaining"":1.0,""return"":0.8}],""trailing_activate_return"":0.3,""trailing_drawdown"":0.15}","{""_execution"":{""additional_fee_usd_each_fill"":0.0,""buy_slippage_bps"":400,""min_pool_liquidity_usd"":1000.0,""sell_slippage_bps"":400},""execution_profile"":""dexscreener-market-paper/v2-before-after""}"
experiment_migration_control_v1,experiment_migration_control_v1,142,frozen_map,2026-09-06T15:29:28.508111Z,active_with_buy,different_entry_same_exit,0cc81ef7cbdad528,1,827e20f7ecc1c1d0,1,forward_pattern_isolated,migration,pattern_cost_scaleout,f843a6833ceca05f,275dfb06b0dc59f2,9c77660c388d6fc6,,27,27,27,180,180,153,153,0,"{""dispatch"":{""contract"":""forward-patterns/v1"",""control"":true,""direction"":""migration"",""mode"":""isolated_pattern_observer"",""path"":""forward_pattern_isolated""},""fields"":{""entry_family"":""migration"",""entry_filter"":{""contract"":""forward-patterns/v1"",""control"":true,""direction"":""migration"",""evidence_basis"":""post_deployment_migration_message_and_rpc_verified_new_pool"",""max_gap_seconds"":90},""entry_gate"":""bounded_pattern_observer_v1"",""entry_match_mode"":""isolated_pattern_observer"",""no_historical_backfill"":true}}","{""exact_risk_alerts"":""shadow_only_no_trading_authority"",""exit_family"":""pattern_cost_scaleout"",""exit_mode"":""market_mark_pattern_scaleout"",""hard_stop_return"":-0.2,""max_hold_minutes"":15.0,""take_profit"":[{""fraction_of_remaining"":0.5,""return"":0.3},{""fraction_of_remaining"":1.0,""return"":0.8}],""trailing_activate_return"":0.3,""trailing_drawdown"":0.15}","{""_execution"":{""additional_fee_usd_each_fill"":0.0,""buy_slippage_bps"":400,""min_pool_liquidity_usd"":1000.0,""sell_slippage_bps"":400},""execution_profile"":""dexscreener-market-paper/v2-before-after""}"
experiment_participation_candidate_v1,experiment_participation_candidate_v1,143,frozen_map,2026-09-06T15:29:28.508111Z,active_with_buy,different_entry_same_exit,66086392a85c39f9,1,f5c2f6444afd2a37,1,forward_pattern_isolated,evidence_extension_l0,pattern_cost_scaleout,869b738164bf8ea6,275dfb06b0dc59f2,9c77660c388d6fc6,,68,68,68,1307,1307,229,229,0,"{""dispatch"":{""contract"":null,""control"":null,""direction"":""early_quality"",""mode"":""isolated_pattern_observer"",""path"":""forward_pattern_isolated""},""fields"":{""entry_family"":""evidence_extension_l0"",""entry_filter"":{""direction"":""early_quality"",""max_age"":900,""min_average_trade"":40,""min_buy_ratio"":0.6,""min_trades"":12,""min_volume"":1000},""entry_gate"":""bounded_pattern_observer_v1"",""entry_match_mode"":""isolated_pattern_observer"",""entry_revision_kind"":""evidence_extension_l0"",""no_historical_backfill"":true,""replacement_input_contract"":""existing_same_pool_l0_no_new_api/v1"",""required_inputs"":[""post_deployment_same_pool_l0_history"",""price_liquidity_volume_aggregate_transactions""]}}","{""exact_risk_alerts"":""shadow_only_no_trading_authority"",""exit_family"":""pattern_cost_scaleout"",""exit_mode"":""market_mark_pattern_scaleout"",""hard_stop_return"":-0.2,""max_hold_minutes"":15.0,""take_profit"":[{""fraction_of_remaining"":0.5,""return"":0.3},{""fraction_of_remaining"":1.0,""return"":0.8}],""trailing_activate_return"":0.3,""trailing_drawdown"":0.15}","{""_execution"":{""additional_fee_usd_each_fill"":0.0,""buy_slippage_bps"":400,""min_pool_liquidity_usd"":1000.0,""sell_slippage_bps"":400},""execution_profile"":""dexscreener-market-paper/v2-before-after""}"
experiment_participation_control_v1,experiment_participation_control_v1,144,frozen_map,2026-09-06T15:29:28.508111Z,active_with_buy,different_entry_same_exit,247d73c37f04212a,1,33c37cb7bbc41991,1,forward_pattern_isolated,participation,pattern_cost_scaleout,f95ca44ecfc613de,275dfb06b0dc59f2,9c77660c388d6fc6,,7,7,7,21,21,14,14,0,"{""dispatch"":{""contract"":""forward-patterns/v1"",""control"":true,""direction"":""participation"",""mode"":""isolated_pattern_observer"",""path"":""forward_pattern_isolated""},""fields"":{""entry_family"":""participation"",""entry_filter"":{""contract"":""forward-patterns/v1"",""control"":true,""direction"":""participation"",""identity_unit"":""signer_address_not_human"",""largest_buyer_share_basis"":""verified_buy_instruction_count"",""max_gap_seconds"":90},""entry_gate"":""bounded_pattern_observer_v1"",""entry_match_mode"":""isolated_pattern_observer"",""no_historical_backfill"":true}}","{""exact_risk_alerts"":""shadow_only_no_trading_authority"",""exit_family"":""pattern_cost_scaleout"",""exit_mode"":""market_mark_pattern_scaleout"",""hard_stop_return"":-0.2,""max_hold_minutes"":15.0,""take_profit"":[{""fraction_of_remaining"":0.5,""return"":0.3},{""fraction_of_remaining"":1.0,""return"":0.8}],""trailing_activate_return"":0.3,""trailing_drawdown"":0.15}","{""_execution"":{""additional_fee_usd_each_fill"":0.0,""buy_slippage_bps"":400,""min_pool_liquidity_usd"":1000.0,""sell_slippage_bps"":400},""execution_profile"":""dexscreener-market-paper/v2-before-after""}"
experiment_narrative_candidate_v1,experiment_narrative_candidate_v1,145,frozen_map,2026-09-06T15:29:28.508111Z,active_with_buy,different_entry_same_exit,3aefa1921aa1cfbc,1,7af0d03f15fe2378,1,forward_pattern_isolated,evidence_extension_l0,pattern_cost_scaleout,8688b6a5eac18475,275dfb06b0dc59f2,9c77660c388d6fc6,,100,100,100,4763,4763,192,192,0,"{""dispatch"":{""contract"":null,""control"":null,""direction"":""early_quality"",""mode"":""isolated_pattern_observer"",""path"":""forward_pattern_isolated""},""fields"":{""entry_family"":""evidence_extension_l0"",""entry_filter"":{""direction"":""early_quality"",""max_age"":900,""min_average_trade"":50,""min_buy_ratio"":0.55,""min_trades"":5,""min_volume"":500},""entry_gate"":""bounded_pattern_observer_v1"",""entry_match_mode"":""isolated_pattern_observer"",""entry_revision_kind"":""evidence_extension_l0"",""no_historical_backfill"":true,""replacement_input_contract"":""existing_same_pool_l0_no_new_api/v1"",""required_inputs"":[""post_deployment_same_pool_l0_history"",""price_liquidity_volume_aggregate_transactions""]}}","{""exact_risk_alerts"":""shadow_only_no_trading_authority"",""exit_family"":""pattern_cost_scaleout"",""exit_mode"":""market_mark_pattern_scaleout"",""hard_stop_return"":-0.2,""max_hold_minutes"":15.0,""take_profit"":[{""fraction_of_remaining"":0.5,""return"":0.3},{""fraction_of_remaining"":1.0,""return"":0.8}],""trailing_activate_return"":0.3,""trailing_drawdown"":0.15}","{""_execution"":{""additional_fee_usd_each_fill"":0.0,""buy_slippage_bps"":400,""min_pool_liquidity_usd"":1000.0,""sell_slippage_bps"":400},""execution_profile"":""dexscreener-market-paper/v2-before-after""}"
experiment_narrative_control_v1,experiment_narrative_control_v1,146,frozen_map,2026-09-06T15:29:28.508111Z,active_with_buy,different_entry_same_exit,ce5ba841cb08cc9a,1,d9f7f21099f94c49,1,forward_pattern_isolated,evidence_extension_l0,pattern_cost_scaleout,d722eba8d2772d46,275dfb06b0dc59f2,9c77660c388d6fc6,,111,111,111,7583,7583,162,162,0,"{""dispatch"":{""contract"":null,""control"":null,""direction"":""continuation"",""mode"":""isolated_pattern_observer"",""path"":""forward_pattern_isolated""},""fields"":{""entry_family"":""evidence_extension_l0"",""entry_filter"":{""direction"":""continuation"",""max_age"":900,""max_price_ratio"":1.18,""min_buy_ratio"":0.5,""min_frames"":2,""min_liquidity_retention"":0.9,""min_price_ratio"":1.0,""min_span"":10,""min_trades"":4,""min_volume"":300,""min_volume_acceleration"":0.8},""entry_gate"":""bounded_pattern_observer_v1"",""entry_match_mode"":""isolated_pattern_observer"",""entry_revision_kind"":""evidence_extension_l0"",""no_historical_backfill"":true,""replacement_input_contract"":""existing_same_pool_l0_no_new_api/v1"",""required_inputs"":[""post_deployment_same_pool_l0_history"",""price_liquidity_volume_aggregate_transactions""]}}","{""exact_risk_alerts"":""shadow_only_no_trading_authority"",""exit_family"":""pattern_cost_scaleout"",""exit_mode"":""market_mark_pattern_scaleout"",""hard_stop_return"":-0.2,""max_hold_minutes"":15.0,""take_profit"":[{""fraction_of_remaining"":0.5,""return"":0.3},{""fraction_of_remaining"":1.0,""return"":0.8}],""trailing_activate_return"":0.3,""trailing_drawdown"":0.15}","{""_execution"":{""additional_fee_usd_each_fill"":0.0,""buy_slippage_bps"":400,""min_pool_liquidity_usd"":1000.0,""sell_slippage_bps"":400},""execution_profile"":""dexscreener-market-paper/v2-before-after""}"
vault_hazard_v1,vault_hazard_v1,147,frozen_map,2026-09-06T15:29:28.508111Z,active_with_buy,different_entry_same_exit,303fb52ec3483ba4,1,0d7cf6a9513ff66c,1,forward_pattern_isolated,vault_hazard,capital_exit_existing_v1,779366ba29d8c1ae,c7418769d9303aea,b403398f9e5ddb8c,,23,23,23,152,152,129,129,0,"{""dispatch"":{""contract"":null,""control"":null,""direction"":""vault_hazard"",""mode"":""isolated_pattern_observer"",""path"":""forward_pattern_isolated""},""fields"":{""entry_contract"":""strict_forward_asof_v1"",""entry_family"":""vault_hazard"",""entry_filter"":{""capital_exit_kind"":""vault_hazard"",""direction"":""vault_hazard""},""entry_gate"":""broad_start"",""entry_match_mode"":""isolated_pattern_observer"",""no_historical_backfill"":true,""required_inputs"":[""vault_hazard"",""asof_snapshot""]}}","{""capital_exit_kind"":""vault_hazard"",""capital_exit_policy"":{""extreme_red_effective_quote_change_ratio"":-0.35,""extreme_red_raw_quote_change_ratio"":-0.35,""maximum_confirmation_gap_seconds"":15.0,""maximum_frame_age_seconds"":15.0,""minimum_bad_frames"":2,""version"":""vault-hazard-exit/v1""},""capital_experiment"":true,""exit_family"":""capital_exit_existing_v1"",""hard_stop_return"":-0.2,""max_hold_minutes"":15.0,""take_profit"":[],""trailing_activate_return"":0.3,""trailing_drawdown"":0.15}","{""_execution"":{""additional_fee_usd_each_fill"":0.0,""buy_slippage_bps"":400,""min_pool_liquidity_usd"":1000.0,""sell_slippage_bps"":400},""execution_profile"":""dexscreener-market-paper/v2-before-after"",""notional_usd"":20.0}"
earn_the_hold_v1,earn_the_hold_v1,148,frozen_map,2026-09-06T15:29:28.508111Z,active_with_buy,different_entry_same_exit,8262f1ce8728730f,1,6a66a6ede2bfa06f,1,forward_pattern_isolated,earn_the_hold,capital_exit_existing_v1,4bb4614635389539,aaf6ffcf54cb204b,b403398f9e5ddb8c,,4,4,4,14,14,10,10,0,"{""dispatch"":{""contract"":null,""control"":null,""direction"":""earn_the_hold"",""mode"":""isolated_pattern_observer"",""path"":""forward_pattern_isolated""},""fields"":{""entry_contract"":""strict_forward_asof_v1"",""entry_family"":""earn_the_hold"",""entry_filter"":{""capital_exit_kind"":""earn_the_hold"",""direction"":""earn_the_hold""},""entry_gate"":""broad_start"",""entry_match_mode"":""isolated_pattern_observer"",""no_historical_backfill"":true,""required_inputs"":[""earn_the_hold"",""asof_snapshot""]}}","{""capital_exit_kind"":""earn_the_hold"",""capital_exit_policy"":{""maximum_frame_age_seconds"":15.0,""minimum_effective_depth_ratio"":0.9,""minimum_net_quote_flow_usd"":0.0,""minimum_position_value_ratio"":1.0,""minimum_price_return"":0.0,""review_deadline_seconds"":120.0,""review_start_seconds"":60.0,""version"":""earn-the-hold/v1""},""capital_experiment"":true,""exit_family"":""capital_exit_existing_v1"",""hard_stop_return"":-0.2,""max_hold_minutes"":15.0,""take_profit"":[],""trailing_activate_return"":0.3,""trailing_drawdown"":0.15}","{""_execution"":{""additional_fee_usd_each_fill"":0.0,""buy_slippage_bps"":400,""min_pool_liquidity_usd"":1000.0,""sell_slippage_bps"":400},""execution_profile"":""dexscreener-market-paper/v2-before-after"",""notional_usd"":20.0}"
failed_continuation_profit_lock_v1,failed_continuation_profit_lock_v1,149,frozen_map,2026-09-06T15:29:28.508111Z,active_with_buy,different_entry_same_exit,490e466b7bc5e59c,1,95a3b089c786303d,1,forward_pattern_isolated,failed_continuation_profit_lock,capital_exit_existing_v1,58d923a54e96a938,c169db628751af4c,b403398f9e5ddb8c,,4,4,4,14,14,10,10,0,"{""dispatch"":{""contract"":null,""control"":null,""direction"":""failed_continuation_profit_lock"",""mode"":""isolated_pattern_observer"",""path"":""forward_pattern_isolated""},""fields"":{""entry_contract"":""strict_forward_asof_v1"",""entry_family"":""failed_continuation_profit_lock"",""entry_filter"":{""capital_exit_kind"":""failed_continuation_profit_lock"",""direction"":""failed_continuation_profit_lock""},""entry_gate"":""broad_start"",""entry_match_mode"":""isolated_pattern_observer"",""no_historical_backfill"":true,""required_inputs"":[""failed_continuation_profit_lock"",""asof_snapshot""]}}","{""capital_exit_kind"":""failed_continuation_profit_lock"",""capital_exit_policy"":{""maximum_breadth_change_ratio"":-0.25,""maximum_depth_change_ratio"":-0.1,""maximum_frame_age_seconds"":15.0,""maximum_liquidity_change_ratio"":-0.15,""minimum_bad_frames"":2,""minimum_positive_economic_return"":0.0,""version"":""failed-continuation-profit-lock/v1""},""capital_experiment"":true,""exit_family"":""capital_exit_existing_v1"",""hard_stop_return"":-0.2,""max_hold_minutes"":240.0,""take_profit"":[{""fraction_of_remaining"":0.5,""return"":1.0}],""trailing_activate_return"":1.0,""trailing_drawdown"":0.15}","{""_execution"":{""additional_fee_usd_each_fill"":0.0,""buy_slippage_bps"":400,""min_pool_liquidity_usd"":1000.0,""sell_slippage_bps"":400},""execution_profile"":""dexscreener-market-paper/v2-before-after"",""notional_usd"":20.0}"
wave_reset_reentry_v1,wave_reset_reentry_v1,150,frozen_map,2026-09-06T15:29:28.508111Z,active_with_buy,different_entry_same_exit,3b6f09352e07b7b2,1,a595b55ea54ff07e,1,forward_pattern_isolated,wave_reset_reentry,capital_exit_existing_v1,a6ff63639ab280f0,cb23b87492da7854,b403398f9e5ddb8c,,2,2,2,41,41,39,39,0,"{""dispatch"":{""contract"":null,""control"":null,""direction"":""wave_reset_reentry"",""mode"":""isolated_pattern_observer"",""path"":""forward_pattern_isolated""},""fields"":{""entry_contract"":""strict_forward_asof_v1"",""entry_family"":""wave_reset_reentry"",""entry_filter"":{""direction"":""wave_reset_reentry"",""max_gap_seconds"":14400,""min_gap_seconds"":600},""entry_gate"":""broad_start"",""entry_match_mode"":""isolated_pattern_observer"",""no_historical_backfill"":true,""required_inputs"":[""wave_reset_reentry"",""asof_snapshot""]}}","{""capital_exit_policy"":{},""capital_experiment"":true,""exit_family"":""capital_exit_existing_v1"",""hard_stop_return"":-0.2,""max_hold_minutes"":15.0,""take_profit"":[],""trailing_activate_return"":0.3,""trailing_drawdown"":0.15}","{""_execution"":{""additional_fee_usd_each_fill"":0.0,""buy_slippage_bps"":400,""min_pool_liquidity_usd"":1000.0,""sell_slippage_bps"":400},""execution_profile"":""dexscreener-market-paper/v2-before-after"",""notional_usd"":20.0}"
migration_absorption_v1,migration_absorption_v1,151,frozen_map,2026-09-06T15:29:28.508111Z,active_with_buy,different_entry_same_exit,852c940248d00830,1,3ce7bb1b623fd469,1,forward_pattern_isolated,migration_absorption,capital_exit_existing_v1,af1036cec1a542a7,cb23b87492da7854,b403398f9e5ddb8c,,0,0,0,5,5,5,5,0,"{""dispatch"":{""contract"":null,""control"":null,""direction"":""migration_absorption"",""mode"":""isolated_pattern_observer"",""path"":""forward_pattern_isolated""},""fields"":{""entry_contract"":""strict_forward_asof_v1"",""entry_family"":""migration_absorption"",""entry_filter"":{""direction"":""migration_absorption"",""min_absorption_frames"":2},""entry_gate"":""broad_start"",""entry_match_mode"":""isolated_pattern_observer"",""no_historical_backfill"":true,""required_inputs"":[""migration_absorption"",""asof_snapshot""]}}","{""capital_exit_policy"":{},""capital_experiment"":true,""exit_family"":""capital_exit_existing_v1"",""hard_stop_return"":-0.2,""max_hold_minutes"":15.0,""take_profit"":[],""trailing_activate_return"":0.3,""trailing_drawdown"":0.15}","{""_execution"":{""additional_fee_usd_each_fill"":0.0,""buy_slippage_bps"":400,""min_pool_liquidity_usd"":1000.0,""sell_slippage_bps"":400},""execution_profile"":""dexscreener-market-paper/v2-before-after"",""notional_usd"":20.0}"
executable_recovery_decay_v1,executable_recovery_decay_v1,152,frozen_map,2026-09-06T15:29:28.508111Z,active_with_buy,distinct,dba862f72099fb01,1,cb16f6c70c6012c4,1,forward_pattern_isolated,executable_recovery_decay,capital_exit_existing_v1,ac004a815a6c38ef,2df81190476677f6,b403398f9e5ddb8c,,23,23,23,152,152,129,129,0,"{""dispatch"":{""contract"":null,""control"":null,""direction"":""executable_recovery_decay"",""mode"":""isolated_pattern_observer"",""path"":""forward_pattern_isolated""},""fields"":{""entry_contract"":""strict_forward_asof_v1"",""entry_family"":""executable_recovery_decay"",""entry_filter"":{""capital_exit_kind"":""executable_recovery_decay"",""direction"":""executable_recovery_decay""},""entry_gate"":""broad_start"",""entry_match_mode"":""isolated_pattern_observer"",""no_historical_backfill"":true,""required_inputs"":[""executable_recovery_decay"",""asof_snapshot""]}}","{""capital_exit_kind"":""executable_recovery_decay"",""capital_exit_policy"":{""arm_recovery_ratio"":1.4,""drawdown_from_running_high"":0.15,""maximum_frame_age_seconds"":15.0,""version"":""executable-recovery-decay/v1""},""capital_experiment"":true,""exit_family"":""capital_exit_existing_v1"",""hard_stop_return"":-0.2,""max_hold_minutes"":15.0,""take_profit"":[],""trailing_activate_return"":0.3,""trailing_drawdown"":0.15}","{""_execution"":{""additional_fee_usd_each_fill"":0.0,""buy_slippage_bps"":400,""min_pool_liquidity_usd"":1000.0,""sell_slippage_bps"":400},""execution_profile"":""dexscreener-market-paper/v2-before-after"",""notional_usd"":20.0}"
capital_velocity_v1,capital_velocity_v1,153,frozen_map,2026-09-06T15:29:28.508111Z,active_with_buy,different_entry_same_exit,02efc4a2936367af,1,a0e503279cbea853,1,forward_pattern_isolated,evidence_extension_l0,capital_exit_existing_v1,b888fc0ff43d976c,cb23b87492da7854,b403398f9e5ddb8c,,10,10,10,87,87,77,77,0,"{""dispatch"":{""contract"":null,""control"":null,""direction"":""continuation"",""mode"":""isolated_pattern_observer"",""path"":""forward_pattern_isolated""},""fields"":{""entry_contract"":""strict_forward_asof_v1"",""entry_family"":""evidence_extension_l0"",""entry_filter"":{""direction"":""continuation"",""max_age"":3600,""max_price_ratio"":1.18,""min_buy_ratio"":0.55,""min_frames"":2,""min_liquidity_retention"":0.9,""min_price_ratio"":1.0,""min_span"":10,""min_trades"":8,""min_volume"":1000,""min_volume_acceleration"":1.5},""entry_gate"":""broad_start"",""entry_match_mode"":""isolated_pattern_observer"",""entry_revision_kind"":""evidence_extension_l0"",""no_historical_backfill"":true,""replacement_input_contract"":""existing_same_pool_l0_no_new_api/v1"",""required_inputs"":[""post_deployment_same_pool_l0_history"",""price_liquidity_volume_aggregate_transactions""]}}","{""capital_exit_policy"":{},""capital_experiment"":true,""exit_family"":""capital_exit_existing_v1"",""hard_stop_return"":-0.2,""max_hold_minutes"":15.0,""take_profit"":[],""trailing_activate_return"":0.3,""trailing_drawdown"":0.15}","{""_execution"":{""additional_fee_usd_each_fill"":0.0,""buy_slippage_bps"":400,""min_pool_liquidity_usd"":1000.0,""sell_slippage_bps"":400},""execution_profile"":""dexscreener-market-paper/v2-before-after"",""notional_usd"":20.0}"
effective_breadth_v1,effective_breadth_v1,154,frozen_map,2026-09-06T15:29:28.508111Z,active_with_buy,different_entry_same_exit,1bf66e598dd04c97,1,fa7cf0aa0b8e6099,1,forward_pattern_isolated,effective_breadth,capital_exit_existing_v1,fddf6874d4e456c7,cb23b87492da7854,b403398f9e5ddb8c,,1,1,1,2,2,1,1,0,"{""dispatch"":{""contract"":null,""control"":null,""direction"":""effective_breadth"",""mode"":""isolated_pattern_observer"",""path"":""forward_pattern_isolated""},""fields"":{""entry_contract"":""strict_forward_asof_v1"",""entry_family"":""effective_breadth"",""entry_filter"":{""direction"":""effective_breadth"",""max_top1_notional_share"":0.5,""min_effective_breadth"":3},""entry_gate"":""broad_start"",""entry_match_mode"":""isolated_pattern_observer"",""no_historical_backfill"":true,""required_inputs"":[""effective_breadth"",""asof_snapshot""]}}","{""capital_exit_policy"":{},""capital_experiment"":true,""exit_family"":""capital_exit_existing_v1"",""hard_stop_return"":-0.2,""max_hold_minutes"":15.0,""take_profit"":[],""trailing_activate_return"":0.3,""trailing_drawdown"":0.15}","{""_execution"":{""additional_fee_usd_each_fill"":0.0,""buy_slippage_bps"":400,""min_pool_liquidity_usd"":1000.0,""sell_slippage_bps"":400},""execution_profile"":""dexscreener-market-paper/v2-before-after"",""notional_usd"":20.0}"
price_to_flow_fragility_v1,price_to_flow_fragility_v1,155,frozen_map,2026-09-06T15:29:28.508111Z,active_with_buy,distinct,bfeb7b90c827724b,1,432895dd4eb0f0b5,1,forward_pattern_isolated,price_to_flow_fragility,capital_exit_existing_v1,38a2fbd6948384cb,6a8803fe29b8c642,b403398f9e5ddb8c,,4,4,4,14,14,10,10,0,"{""dispatch"":{""contract"":null,""control"":null,""direction"":""price_to_flow_fragility"",""mode"":""isolated_pattern_observer"",""path"":""forward_pattern_isolated""},""fields"":{""entry_contract"":""strict_forward_asof_v1"",""entry_family"":""price_to_flow_fragility"",""entry_filter"":{""capital_exit_kind"":""price_to_flow_fragility"",""direction"":""price_to_flow_fragility""},""entry_gate"":""broad_start"",""entry_match_mode"":""isolated_pattern_observer"",""no_historical_backfill"":true,""required_inputs"":[""price_to_flow_fragility"",""asof_snapshot""]}}","{""capital_exit_kind"":""price_to_flow_fragility"",""capital_exit_policy"":{""maximum_breadth_change_ratio"":-0.25,""maximum_depth_change_ratio"":-0.1,""maximum_frame_age_seconds"":15.0,""maximum_net_quote_flow_usd"":0.0,""minimum_price_change_ratio"":0.3,""minimum_top3_buy_notional_share"":0.7,""version"":""price-to-flow-fragility/v1""},""capital_experiment"":true,""exit_family"":""capital_exit_existing_v1"",""hard_stop_return"":-0.2,""max_hold_minutes"":15.0,""take_profit"":[],""trailing_activate_return"":0.3,""trailing_drawdown"":0.15}","{""_execution"":{""additional_fee_usd_each_fill"":0.0,""buy_slippage_bps"":400,""min_pool_liquidity_usd"":1000.0,""sell_slippage_bps"":400},""execution_profile"":""dexscreener-market-paper/v2-before-after"",""notional_usd"":20.0}"
churn_resistant_v1,churn_resistant_v1,156,frozen_map,2026-09-06T15:29:28.508111Z,active_with_buy,different_entry_same_exit,0bcdb6a4ab6083e5,1,86e5ec98c4329b86,1,forward_pattern_isolated,churn_resistant,capital_exit_existing_v1,4f3f1b4f67b73b54,cb23b87492da7854,b403398f9e5ddb8c,,4,4,4,32,32,28,28,0,"{""dispatch"":{""contract"":null,""control"":null,""direction"":""churn_resistant"",""mode"":""isolated_pattern_observer"",""path"":""forward_pattern_isolated""},""fields"":{""entry_contract"":""strict_forward_asof_v1"",""entry_family"":""churn_resistant"",""entry_filter"":{""direction"":""churn_resistant"",""max_dust_notional_share"":0.1,""min_median_trade_notional_usd"":1},""entry_gate"":""broad_start"",""entry_match_mode"":""isolated_pattern_observer"",""no_historical_backfill"":true,""required_inputs"":[""churn_resistant"",""asof_snapshot""]}}","{""capital_exit_policy"":{},""capital_experiment"":true,""exit_family"":""capital_exit_existing_v1"",""hard_stop_return"":-0.2,""max_hold_minutes"":15.0,""take_profit"":[],""trailing_activate_return"":0.3,""trailing_drawdown"":0.15}","{""_execution"":{""additional_fee_usd_each_fill"":0.0,""buy_slippage_bps"":400,""min_pool_liquidity_usd"":1000.0,""sell_slippage_bps"":400},""execution_profile"":""dexscreener-market-paper/v2-before-after"",""notional_usd"":20.0}"
creator_early_holder_distribution_v1,creator_early_holder_distribution_v1,157,frozen_map,2026-09-06T15:29:28.508111Z,active_with_buy,distinct,a6598ec2d56b00bd,1,8a786dc121f0c2c5,1,forward_pattern_isolated,creator_early_holder_distribution,capital_exit_existing_v1,e9d418a1a562891d,1c34601bf69ee7c7,b403398f9e5ddb8c,,4,4,4,14,14,10,10,0,"{""dispatch"":{""contract"":null,""control"":null,""direction"":""creator_early_holder_distribution"",""mode"":""isolated_pattern_observer"",""path"":""forward_pattern_isolated""},""fields"":{""entry_contract"":""strict_forward_asof_v1"",""entry_family"":""creator_early_holder_distribution"",""entry_filter"":{""capital_exit_kind"":""creator_early_holder_distribution"",""direction"":""creator_early_holder_distribution""},""entry_gate"":""broad_start"",""entry_match_mode"":""isolated_pattern_observer"",""no_historical_backfill"":true,""required_inputs"":[""creator_early_holder_distribution"",""asof_snapshot""]}}","{""capital_exit_kind"":""creator_early_holder_distribution"",""capital_exit_policy"":{""maximum_breadth_change_ratio"":-0.2,""maximum_depth_change_ratio"":-0.1,""maximum_frame_age_seconds"":15.0,""maximum_net_quote_flow_usd"":0.0,""minimum_bad_frames"":2,""minimum_distribution_notional_usd"":100.0,""minimum_distribution_sell_share"":0.35,""version"":""creator-early-holder-distribution/v1""},""capital_experiment"":true,""exit_family"":""capital_exit_existing_v1"",""hard_stop_return"":-0.2,""max_hold_minutes"":15.0,""take_profit"":[],""trailing_activate_return"":0.3,""trailing_drawdown"":0.15}","{""_execution"":{""additional_fee_usd_each_fill"":0.0,""buy_slippage_bps"":400,""min_pool_liquidity_usd"":1000.0,""sell_slippage_bps"":400},""execution_profile"":""dexscreener-market-paper/v2-before-after"",""notional_usd"":20.0}"
bundle_adjusted_breadth_v1,bundle_adjusted_breadth_v1,158,frozen_map,2026-09-06T15:29:28.508111Z,active_with_buy,different_entry_same_exit,1ee7363926b6a28d,1,c3276485937e2cb5,1,forward_pattern_isolated,bundle_adjusted_breadth,capital_exit_existing_v1,fee2fd0af2fac0f7,cb23b87492da7854,b403398f9e5ddb8c,,3,3,3,28,28,25,25,0,"{""dispatch"":{""contract"":null,""control"":null,""direction"":""bundle_adjusted_breadth"",""mode"":""isolated_pattern_observer"",""path"":""forward_pattern_isolated""},""fields"":{""entry_contract"":""strict_forward_asof_v1"",""entry_family"":""bundle_adjusted_breadth"",""entry_filter"":{""direction"":""bundle_adjusted_breadth"",""min_adjusted_effective_breadth"":2},""entry_gate"":""broad_start"",""entry_match_mode"":""isolated_pattern_observer"",""no_historical_backfill"":true,""required_inputs"":[""bundle_adjusted_breadth"",""asof_snapshot""]}}","{""capital_exit_policy"":{},""capital_experiment"":true,""exit_family"":""capital_exit_existing_v1"",""hard_stop_return"":-0.2,""max_hold_minutes"":15.0,""take_profit"":[],""trailing_activate_return"":0.3,""trailing_drawdown"":0.15}","{""_execution"":{""additional_fee_usd_each_fill"":0.0,""buy_slippage_bps"":400,""min_pool_liquidity_usd"":1000.0,""sell_slippage_bps"":400},""execution_profile"":""dexscreener-market-paper/v2-before-after"",""notional_usd"":20.0}"
finite_capital_ranker_v1,finite_capital_ranker_v1,159,frozen_map,2026-09-06T15:29:28.508111Z,active_with_buy,different_entry_same_exit,3ddc855a1eb7c34e,1,e6953094bbdfc86f,1,forward_pattern_isolated,evidence_extension_l0,capital_exit_existing_v1,16ef47dd0cc72209,cb23b87492da7854,b403398f9e5ddb8c,,38,38,38,14323,14323,139,139,0,"{""dispatch"":{""contract"":null,""control"":null,""direction"":""quality_gate"",""mode"":""isolated_pattern_observer"",""path"":""forward_pattern_isolated""},""fields"":{""entry_contract"":""strict_forward_asof_v1"",""entry_family"":""evidence_extension_l0"",""entry_filter"":{""direction"":""quality_gate"",""max_age"":21600,""min_average_trade"":75,""min_buy_ratio"":0.55,""min_liquidity"":5000,""min_trades"":8,""min_volume"":1200},""entry_gate"":""broad_start"",""entry_match_mode"":""isolated_pattern_observer"",""entry_revision_kind"":""evidence_extension_l0"",""no_historical_backfill"":true,""replacement_input_contract"":""existing_same_pool_l0_no_new_api/v1"",""required_inputs"":[""post_deployment_same_pool_l0_history"",""price_liquidity_volume_aggregate_transactions""]}}","{""capital_exit_policy"":{},""capital_experiment"":true,""exit_family"":""capital_exit_existing_v1"",""hard_stop_return"":-0.2,""max_hold_minutes"":15.0,""take_profit"":[],""trailing_activate_return"":0.3,""trailing_drawdown"":0.15}","{""_execution"":{""additional_fee_usd_each_fill"":0.0,""buy_slippage_bps"":400,""min_pool_liquidity_usd"":1000.0,""sell_slippage_bps"":400},""execution_profile"":""dexscreener-market-paper/v2-before-after"",""notional_usd"":20.0}"
market_regime_throttle_v1,market_regime_throttle_v1,160,frozen_map,2026-09-06T15:29:28.508111Z,dormant_coverage_unknown,different_entry_same_exit,1185f3c7ecf0ebb2,1,ee0471cd8d753202,1,forward_pattern_isolated,evidence_extension_l0,capital_exit_existing_v1,8a347d937614c6dd,cb23b87492da7854,b403398f9e5ddb8c,,0,0,0,0,0,0,0,0,"{""dispatch"":{""contract"":null,""control"":null,""direction"":""reawakening"",""mode"":""isolated_pattern_observer"",""path"":""forward_pattern_isolated""},""fields"":{""entry_contract"":""strict_forward_asof_v1"",""entry_family"":""evidence_extension_l0"",""entry_filter"":{""direction"":""reawakening"",""min_age"":1800,""min_buy_ratio"":0.55,""min_frames"":4,""min_liquidity_retention"":0.85,""min_price_ratio"":1.08,""min_span"":30,""min_trades"":10,""min_volume"":1200,""quiet_max_trades"":3,""quiet_max_volume"":300},""entry_gate"":""broad_start"",""entry_match_mode"":""isolated_pattern_observer"",""entry_revision_kind"":""evidence_extension_l0"",""no_historical_backfill"":true,""replacement_input_contract"":""existing_same_pool_l0_no_new_api/v1"",""required_inputs"":[""post_deployment_same_pool_l0_history"",""price_liquidity_volume_aggregate_transactions""]}}","{""capital_exit_policy"":{},""capital_experiment"":true,""exit_family"":""capital_exit_existing_v1"",""hard_stop_return"":-0.2,""max_hold_minutes"":15.0,""take_profit"":[],""trailing_activate_return"":0.3,""trailing_drawdown"":0.15}","{""_execution"":{""additional_fee_usd_each_fill"":0.0,""buy_slippage_bps"":400,""min_pool_liquidity_usd"":1000.0,""sell_slippage_bps"":400},""execution_profile"":""dexscreener-market-paper/v2-before-after"",""notional_usd"":20.0}"
competing_risk_v1,competing_risk_v1,161,frozen_map,2026-09-06T15:29:28.508111Z,dormant_coverage_unknown,distinct,8a9d1404fbc99f4f,1,9d5a006204c5a748,1,forward_pattern_isolated,competing_risk,capital_exit_existing_v1,472d2fe51166ca09,32c83c22a1366863,b403398f9e5ddb8c,,0,0,0,0,0,0,0,0,"{""dispatch"":{""contract"":null,""control"":null,""direction"":""competing_risk"",""mode"":""isolated_pattern_observer"",""path"":""forward_pattern_isolated""},""fields"":{""entry_contract"":""strict_forward_asof_v1"",""entry_family"":""competing_risk"",""entry_filter"":{""direction"":""competing_risk"",""label_scope"":""observed_profit_writeoff_ordinary_loss"",""min_sealed_samples"":20},""entry_gate"":""broad_start"",""entry_match_mode"":""isolated_pattern_observer"",""no_historical_backfill"":true,""required_inputs"":[""competing_risk"",""asof_snapshot""]}}","{""capital_exit_policy"":{},""capital_experiment"":true,""capital_revision_kind"":""competing_risk_l0_confirmation"",""exit_family"":""capital_exit_existing_v1"",""hard_stop_return"":-0.2,""max_hold_minutes"":15.0,""take_profit"":[],""trailing_activate_return"":0.3,""trailing_drawdown"":0.15}","{""_execution"":{""additional_fee_usd_each_fill"":0.0,""buy_slippage_bps"":400,""min_pool_liquidity_usd"":1000.0,""sell_slippage_bps"":400},""execution_profile"":""dexscreener-market-paper/v2-before-after"",""notional_usd"":20.0}"
high_recall_exit_pipeline_v1,high_recall_exit_pipeline_v1,162,frozen_map,2026-09-06T15:29:28.508111Z,active_with_buy,distinct,88e024c68a503deb,1,a869a092628d0375,1,forward_pattern_isolated,high_recall_exit_pipeline,capital_exit_existing_v1,68f090cbc5a7ce6e,94d396b26d6ebb75,b403398f9e5ddb8c,,8,8,4,43,43,35,35,0,"{""dispatch"":{""contract"":null,""control"":null,""direction"":""high_recall_exit_pipeline"",""mode"":""isolated_pattern_observer"",""path"":""forward_pattern_isolated""},""fields"":{""entry_contract"":""strict_forward_asof_v1"",""entry_family"":""high_recall_exit_pipeline"",""entry_filter"":{""capital_exit_kind"":""high_recall_exit_pipeline"",""direction"":""high_recall_exit_pipeline""},""entry_gate"":""broad_start"",""entry_match_mode"":""isolated_pattern_observer"",""no_historical_backfill"":true,""required_inputs"":[""high_recall_exit_pipeline"",""asof_snapshot""]}}","{""capital_exit_kind"":""high_recall_exit_pipeline"",""capital_exit_policy"":{""harvest_economic_return"":0.12,""maximum_breadth_change_ratio"":-0.25,""maximum_depth_change_ratio"":-0.1,""maximum_frame_age_seconds"":15.0,""maximum_liquidity_change_ratio"":-0.15,""minimum_dead_wave_frames"":2,""minimum_effective_depth_ratio"":0.9,""minimum_net_quote_flow_usd"":0.0,""minimum_position_value_ratio"":1.0,""minimum_price_return"":0.0,""review_deadline_seconds"":120.0,""review_start_seconds"":60.0,""version"":""high-recall-earn-harvest-dead-wave-exit/v1""},""capital_experiment"":true,""exit_family"":""capital_exit_existing_v1"",""hard_stop_return"":-0.2,""max_hold_minutes"":240.0,""take_profit"":[],""trailing_activate_return"":1.0,""trailing_drawdown"":0.15}","{""_execution"":{""additional_fee_usd_each_fill"":0.0,""buy_slippage_bps"":400,""min_pool_liquidity_usd"":1000.0,""sell_slippage_bps"":400},""execution_profile"":""dexscreener-market-paper/v2-before-after"",""notional_usd"":20.0}"
direct_lp_float_constrained_v1,direct_lp_float_constrained_v1,163,frozen_map,2026-09-06T15:29:28.508111Z,active_with_buy,different_entry_same_exit,9124856d67905268,1,c658340fc82b6596,1,forward_pattern_isolated,evidence_extension_l0,capital_exit_existing_v1,b6f7dd2f44ebb0c7,d01bd4a8507b749e,ef6af75af2fe215f,,0,0,0,2,2,2,2,0,"{""dispatch"":{""contract"":null,""control"":null,""direction"":""liquidity_lead"",""mode"":""isolated_pattern_observer"",""path"":""forward_pattern_isolated""},""fields"":{""entry_contract"":""strict_forward_asof_v1"",""entry_family"":""evidence_extension_l0"",""entry_filter"":{""direction"":""liquidity_lead"",""max_age"":3600,""max_price_ratio"":1.12,""min_buy_ratio"":0.5,""min_frames"":3,""min_liquidity_growth"":1.2,""min_price_ratio"":0.98,""min_span"":20,""min_trades"":5,""min_volume"":400},""entry_gate"":""broad_start"",""entry_match_mode"":""isolated_pattern_observer"",""entry_revision_kind"":""evidence_extension_l0"",""no_historical_backfill"":true,""replacement_input_contract"":""existing_same_pool_l0_no_new_api/v1"",""required_inputs"":[""post_deployment_same_pool_l0_history"",""price_liquidity_volume_aggregate_transactions""]}}","{""capital_exit_kind"":""vault_hazard"",""capital_exit_policy"":{""extreme_red_effective_quote_change_ratio"":-0.35,""extreme_red_raw_quote_change_ratio"":-0.35,""maximum_confirmation_gap_seconds"":15.0,""maximum_frame_age_seconds"":15.0,""minimum_bad_frames"":2,""version"":""vault-hazard-exit/v1""},""capital_experiment"":true,""exit_family"":""capital_exit_existing_v1"",""hard_stop_return"":-0.15,""max_hold_minutes"":10.0,""take_profit"":[],""trailing_activate_return"":0.3,""trailing_drawdown"":0.15}","{""_execution"":{""additional_fee_usd_each_fill"":0.0,""buy_slippage_bps"":400,""min_pool_liquidity_usd"":1000.0,""sell_slippage_bps"":400},""execution_profile"":""dexscreener-market-paper/v2-before-after"",""notional_usd"":5.0}"
authoritative_event_shock_v1,authoritative_event_shock_v1,164,frozen_map,2026-09-06T15:29:28.508111Z,active_with_buy,different_entry_same_exit,37269f234d80c7d1,1,d6f9d5b5371afe14,1,forward_pattern_isolated,evidence_extension_l0,capital_exit_existing_v1,da499fd1b50d3d71,cb23b87492da7854,b403398f9e5ddb8c,,75,75,75,3201,3201,110,110,0,"{""dispatch"":{""contract"":null,""control"":null,""direction"":""young_absorption"",""mode"":""isolated_pattern_observer"",""path"":""forward_pattern_isolated""},""fields"":{""entry_contract"":""strict_forward_asof_v1"",""entry_family"":""evidence_extension_l0"",""entry_filter"":{""direction"":""young_absorption"",""max_age"":1800,""max_price_ratio"":1.25,""min_buy_ratio"":0.55,""min_frames"":3,""min_liquidity_retention"":0.95,""min_price_ratio"":1.03,""min_span"":20,""min_trades"":8,""min_volume"":800},""entry_gate"":""broad_start"",""entry_match_mode"":""isolated_pattern_observer"",""entry_revision_kind"":""evidence_extension_l0"",""no_historical_backfill"":true,""replacement_input_contract"":""existing_same_pool_l0_no_new_api/v1"",""required_inputs"":[""post_deployment_same_pool_l0_history"",""price_liquidity_volume_aggregate_transactions""]}}","{""capital_exit_policy"":{},""capital_experiment"":true,""exit_family"":""capital_exit_existing_v1"",""hard_stop_return"":-0.2,""max_hold_minutes"":15.0,""take_profit"":[],""trailing_activate_return"":0.3,""trailing_drawdown"":0.15}","{""_execution"":{""additional_fee_usd_each_fill"":0.0,""buy_slippage_bps"":400,""min_pool_liquidity_usd"":1000.0,""sell_slippage_bps"":400},""execution_profile"":""dexscreener-market-paper/v2-before-after"",""notional_usd"":20.0}"
serial_conditional_runner_v1,serial_conditional_runner_v1,165,frozen_map,2026-09-06T15:29:28.508111Z,active_with_buy,distinct,8dbc336b7a1f019c,1,745fd622e9154b59,1,forward_pattern_isolated,conditional_runner,conditional_runner,f0c78487660e90ed,5653b6c4b86cd2cd,b403398f9e5ddb8c,,12,12,12,145,145,133,133,0,"{""dispatch"":{""contract"":""forward-patterns/v1"",""control"":false,""direction"":""conditional_runner"",""mode"":""isolated_pattern_observer"",""path"":""forward_pattern_isolated""},""fields"":{""entry_family"":""conditional_runner"",""entry_filter"":{""contract"":""forward-patterns/v1"",""control"":false,""direction"":""conditional_runner"",""max_concurrent_positions"":1,""max_gap_seconds"":90,""occupied_signal_policy"":""reject_without_queue_or_replay""},""entry_gate"":""bounded_pattern_observer_v1"",""entry_match_mode"":""isolated_pattern_observer"",""no_historical_backfill"":true}}","{""conditional_exit"":{""buy_ratio_min"":0.55,""enabled"":true,""liquidity_retention_min"":0.8,""samples"":2},""exact_risk_alerts"":""shadow_only_no_trading_authority"",""exit_family"":""conditional_runner"",""exit_mode"":""market_mark_pattern_scaleout"",""hard_stop_return"":-0.2,""max_hold_minutes"":15.0,""take_profit"":[{""fraction_of_remaining"":1.0,""return"":0.12},{""fraction_of_remaining"":1.0,""return"":0.3}],""trailing_activate_return"":0.12,""trailing_drawdown"":0.15}","{""_execution"":{""additional_fee_usd_each_fill"":0.0,""buy_slippage_bps"":400,""min_pool_liquidity_usd"":1000.0,""sell_slippage_bps"":400},""execution_profile"":""dexscreener-market-paper/v2-before-after"",""notional_usd"":20.0}"
sustained_breakout_earn_hold_v1,sustained_breakout_earn_hold_v1,166,frozen_map,2026-09-06T15:29:28.508111Z,active_with_buy,distinct,51dcdc3e5018643b,1,45a8f9967911e144,1,forward_pattern_isolated,sustained_breakout,pattern_cost_scaleout,441dd25b498942bb,9d2b1197e0f28517,b403398f9e5ddb8c,,8,8,8,56,56,48,48,0,"{""dispatch"":{""contract"":""forward-patterns/v1"",""control"":false,""direction"":""sustained_breakout"",""mode"":""isolated_pattern_observer"",""path"":""forward_pattern_isolated""},""fields"":{""entry_family"":""sustained_breakout"",""entry_filter"":{""contract"":""forward-patterns/v1"",""control"":false,""direction"":""sustained_breakout"",""max_gap_seconds"":90,""required_market_surface"":""solana_pumpswap""},""entry_gate"":""bounded_pattern_observer_v1"",""entry_match_mode"":""isolated_pattern_observer"",""no_historical_backfill"":true}}","{""capital_exit_kind"":""earn_the_hold"",""capital_exit_policy"":{""maximum_frame_age_seconds"":15.0,""minimum_effective_depth_ratio"":0.9,""minimum_net_quote_flow_usd"":0.0,""minimum_position_value_ratio"":1.0,""minimum_price_return"":0.0,""review_deadline_seconds"":120.0,""review_start_seconds"":60.0,""version"":""earn-the-hold/v1""},""exact_risk_alerts"":""shadow_only_no_trading_authority"",""exit_family"":""pattern_cost_scaleout"",""exit_mode"":""market_mark_pattern_scaleout"",""hard_stop_return"":-0.2,""max_hold_minutes"":15.0,""take_profit"":[{""fraction_of_remaining"":0.5,""return"":0.3},{""fraction_of_remaining"":1.0,""return"":0.8}],""trailing_activate_return"":0.3,""trailing_drawdown"":0.15}","{""_execution"":{""additional_fee_usd_each_fill"":0.0,""buy_slippage_bps"":400,""min_pool_liquidity_usd"":1000.0,""sell_slippage_bps"":400},""execution_profile"":""dexscreener-market-paper/v2-before-after"",""notional_usd"":20.0}"
event_reawakening_v1,event_reawakening_v1,167,frozen_map,2026-09-06T15:29:28.508111Z,dormant_coverage_unknown,distinct,c48b2d97f1fb76a5,1,6988ad590da29f8e,1,forward_pattern_isolated,evidence_extension_l0,l0_loss_deterioration_time_budget,9e41a43bc03ab875,5ddf49aac272acda,b403398f9e5ddb8c,,0,0,0,0,0,0,0,0,"{""dispatch"":{""contract"":null,""control"":null,""direction"":""reawakening"",""mode"":""isolated_pattern_observer"",""path"":""forward_pattern_isolated""},""fields"":{""entry_contract"":""strict_forward_asof_v1"",""entry_family"":""evidence_extension_l0"",""entry_filter"":{""direction"":""reawakening"",""min_age"":3600,""min_buy_ratio"":0.6,""min_frames"":4,""min_liquidity_retention"":0.8,""min_price_ratio"":1.1,""min_span"":30,""min_trades"":10,""min_volume"":1000,""quiet_max_trades"":2,""quiet_max_volume"":200},""entry_gate"":""broad_start"",""entry_match_mode"":""isolated_pattern_observer"",""entry_revision_kind"":""evidence_extension_l0"",""no_historical_backfill"":true,""replacement_input_contract"":""existing_same_pool_l0_no_new_api/v1"",""required_inputs"":[""post_deployment_same_pool_l0_history"",""price_liquidity_volume_aggregate_transactions""]}}","{""capital_exit_kind"":""l0_loss_deterioration"",""capital_exit_policy"":{""maximum_frame_age_seconds"":30.0,""minimum_bad_frames"":2,""minimum_frame_span_seconds"":5.0,""minimum_hold_seconds"":60.0,""version"":""l0-loss-deterioration/v1""},""capital_experiment"":true,""exit_family"":""l0_loss_deterioration_time_budget"",""hard_stop_return"":-0.2,""max_hold_minutes"":15.0,""take_profit"":[],""trailing_activate_return"":1.0,""trailing_drawdown"":0.15}","{""_execution"":{""additional_fee_usd_each_fill"":0.0,""buy_slippage_bps"":400,""min_pool_liquidity_usd"":1000.0,""sell_slippage_bps"":400},""execution_profile"":""dexscreener-market-paper/v2-before-after"",""notional_usd"":20.0}"
surface_lifecycle_pipeline_v1,surface_lifecycle_pipeline_v1,168,frozen_map,2026-09-06T15:29:28.508111Z,dormant_coverage_unknown,distinct,3653a30973c9c2a5,1,5c19c08517c1e081,1,forward_pattern_isolated,evidence_extension_l0,l0_loss_deterioration_time_budget,b2bb5d26625565c4,5ddf49aac272acda,ef6af75af2fe215f,,0,0,0,0,0,0,0,0,"{""dispatch"":{""contract"":null,""control"":null,""direction"":""liquidity_lead"",""mode"":""isolated_pattern_observer"",""path"":""forward_pattern_isolated""},""fields"":{""entry_contract"":""strict_forward_asof_v1"",""entry_family"":""evidence_extension_l0"",""entry_filter"":{""direction"":""liquidity_lead"",""max_price_ratio"":1.15,""min_age"":3600,""min_buy_ratio"":0.55,""min_frames"":3,""min_liquidity_growth"":1.15,""min_price_ratio"":1.0,""min_span"":20,""min_trades"":8,""min_volume"":1000},""entry_gate"":""broad_start"",""entry_match_mode"":""isolated_pattern_observer"",""entry_revision_kind"":""evidence_extension_l0"",""no_historical_backfill"":true,""replacement_input_contract"":""existing_same_pool_l0_no_new_api/v1"",""required_inputs"":[""post_deployment_same_pool_l0_history"",""price_liquidity_volume_aggregate_transactions""]}}","{""capital_exit_kind"":""l0_loss_deterioration"",""capital_exit_policy"":{""maximum_frame_age_seconds"":30.0,""minimum_bad_frames"":2,""minimum_frame_span_seconds"":5.0,""minimum_hold_seconds"":60.0,""version"":""l0-loss-deterioration/v1""},""capital_experiment"":true,""exit_family"":""l0_loss_deterioration_time_budget"",""hard_stop_return"":-0.2,""max_hold_minutes"":15.0,""take_profit"":[],""trailing_activate_return"":1.0,""trailing_drawdown"":0.15}","{""_execution"":{""additional_fee_usd_each_fill"":0.0,""buy_slippage_bps"":400,""min_pool_liquidity_usd"":1000.0,""sell_slippage_bps"":400},""execution_profile"":""dexscreener-market-paper/v2-before-after"",""notional_usd"":5.0}"
paired_vault_hazard_candidate_v1,paired_vault_hazard_candidate_v1,169,frozen_map,2026-09-06T15:29:28.508111Z,active_with_buy,same_entry_different_exit,29c270a1172ae459,1,4b8141148aca73fd,1,forward_pattern_isolated,vault_hazard,capital_exit_existing_v1,6d154a06ff7ddaa7,c7418769d9303aea,b403398f9e5ddb8c,,23,23,23,152,152,129,129,0,"{""dispatch"":{""contract"":null,""control"":null,""direction"":""vault_hazard"",""mode"":""isolated_pattern_observer"",""path"":""forward_pattern_isolated""},""fields"":{""entry_contract"":""strict_forward_asof_v1"",""entry_family"":""vault_hazard"",""entry_filter"":{""capital_exit_kind"":""vault_hazard"",""direction"":""vault_hazard"",""paired_entry_kind"":""vault_hazard""},""entry_gate"":""broad_start"",""entry_match_mode"":""isolated_pattern_observer"",""no_historical_backfill"":true,""paired_entry_group"":""vault_hazard"",""required_inputs"":[""vault_hazard"",""asof_snapshot""]}}","{""capital_exit_kind"":""vault_hazard"",""capital_exit_policy"":{""extreme_red_effective_quote_change_ratio"":-0.35,""extreme_red_raw_quote_change_ratio"":-0.35,""maximum_confirmation_gap_seconds"":15.0,""maximum_frame_age_seconds"":15.0,""minimum_bad_frames"":2,""version"":""vault-hazard-exit/v1""},""capital_experiment"":true,""exit_family"":""capital_exit_existing_v1"",""hard_stop_return"":-0.2,""max_hold_minutes"":15.0,""take_profit"":[],""trailing_activate_return"":0.3,""trailing_drawdown"":0.15}","{""_execution"":{""additional_fee_usd_each_fill"":0.0,""buy_slippage_bps"":400,""min_pool_liquidity_usd"":1000.0,""sell_slippage_bps"":400},""execution_profile"":""dexscreener-market-paper/v2-before-after"",""notional_usd"":20.0}"
paired_vault_hazard_control_v1,paired_vault_hazard_control_v1,170,frozen_map,2026-09-06T15:29:28.508111Z,active_with_buy,same_entry_different_exit,a3e2d9b65109035e,1,e9a11cda4f5f600d,1,forward_pattern_isolated,vault_hazard,capital_exit_existing_v1,6d154a06ff7ddaa7,cb23b87492da7854,b403398f9e5ddb8c,,23,23,23,152,152,129,129,0,"{""dispatch"":{""contract"":null,""control"":null,""direction"":""vault_hazard"",""mode"":""isolated_pattern_observer"",""path"":""forward_pattern_isolated""},""fields"":{""entry_contract"":""strict_forward_asof_v1"",""entry_family"":""vault_hazard"",""entry_filter"":{""capital_exit_kind"":""vault_hazard"",""direction"":""vault_hazard"",""paired_entry_kind"":""vault_hazard""},""entry_gate"":""broad_start"",""entry_match_mode"":""isolated_pattern_observer"",""no_historical_backfill"":true,""paired_entry_group"":""vault_hazard"",""required_inputs"":[""vault_hazard"",""asof_snapshot""]}}","{""capital_exit_policy"":{},""capital_experiment"":true,""exit_family"":""capital_exit_existing_v1"",""hard_stop_return"":-0.2,""max_hold_minutes"":15.0,""take_profit"":[],""trailing_activate_return"":0.3,""trailing_drawdown"":0.15}","{""_execution"":{""additional_fee_usd_each_fill"":0.0,""buy_slippage_bps"":400,""min_pool_liquidity_usd"":1000.0,""sell_slippage_bps"":400},""execution_profile"":""dexscreener-market-paper/v2-before-after"",""notional_usd"":20.0}"
paired_earn_the_hold_candidate_v1,paired_earn_the_hold_candidate_v1,171,frozen_map,2026-09-06T15:29:28.508111Z,active_with_buy,same_entry_different_exit,68c5b194bb095b20,1,82896a969e1b4c2e,1,forward_pattern_isolated,earn_the_hold,capital_exit_existing_v1,73fbc90051290022,aaf6ffcf54cb204b,b403398f9e5ddb8c,,4,4,4,14,14,10,10,0,"{""dispatch"":{""contract"":null,""control"":null,""direction"":""earn_the_hold"",""mode"":""isolated_pattern_observer"",""path"":""forward_pattern_isolated""},""fields"":{""entry_contract"":""strict_forward_asof_v1"",""entry_family"":""earn_the_hold"",""entry_filter"":{""capital_exit_kind"":""earn_the_hold"",""direction"":""earn_the_hold"",""paired_entry_kind"":""earn_the_hold""},""entry_gate"":""broad_start"",""entry_match_mode"":""isolated_pattern_observer"",""no_historical_backfill"":true,""paired_entry_group"":""earn_the_hold"",""required_inputs"":[""earn_the_hold"",""asof_snapshot""]}}","{""capital_exit_kind"":""earn_the_hold"",""capital_exit_policy"":{""maximum_frame_age_seconds"":15.0,""minimum_effective_depth_ratio"":0.9,""minimum_net_quote_flow_usd"":0.0,""minimum_position_value_ratio"":1.0,""minimum_price_return"":0.0,""review_deadline_seconds"":120.0,""review_start_seconds"":60.0,""version"":""earn-the-hold/v1""},""capital_experiment"":true,""exit_family"":""capital_exit_existing_v1"",""hard_stop_return"":-0.2,""max_hold_minutes"":15.0,""take_profit"":[],""trailing_activate_return"":0.3,""trailing_drawdown"":0.15}","{""_execution"":{""additional_fee_usd_each_fill"":0.0,""buy_slippage_bps"":400,""min_pool_liquidity_usd"":1000.0,""sell_slippage_bps"":400},""execution_profile"":""dexscreener-market-paper/v2-before-after"",""notional_usd"":20.0}"
paired_earn_the_hold_control_v1,paired_earn_the_hold_control_v1,172,frozen_map,2026-09-06T15:29:28.508111Z,active_with_buy,same_entry_different_exit,62599132b8c0a138,1,3df6bf2b7d055279,1,forward_pattern_isolated,earn_the_hold,capital_exit_existing_v1,73fbc90051290022,cb23b87492da7854,b403398f9e5ddb8c,,4,4,4,14,14,10,10,0,"{""dispatch"":{""contract"":null,""control"":null,""direction"":""earn_the_hold"",""mode"":""isolated_pattern_observer"",""path"":""forward_pattern_isolated""},""fields"":{""entry_contract"":""strict_forward_asof_v1"",""entry_family"":""earn_the_hold"",""entry_filter"":{""capital_exit_kind"":""earn_the_hold"",""direction"":""earn_the_hold"",""paired_entry_kind"":""earn_the_hold""},""entry_gate"":""broad_start"",""entry_match_mode"":""isolated_pattern_observer"",""no_historical_backfill"":true,""paired_entry_group"":""earn_the_hold"",""required_inputs"":[""earn_the_hold"",""asof_snapshot""]}}","{""capital_exit_policy"":{},""capital_experiment"":true,""exit_family"":""capital_exit_existing_v1"",""hard_stop_return"":-0.2,""max_hold_minutes"":15.0,""take_profit"":[],""trailing_activate_return"":0.3,""trailing_drawdown"":0.15}","{""_execution"":{""additional_fee_usd_each_fill"":0.0,""buy_slippage_bps"":400,""min_pool_liquidity_usd"":1000.0,""sell_slippage_bps"":400},""execution_profile"":""dexscreener-market-paper/v2-before-after"",""notional_usd"":20.0}"
paired_failed_continuation_profit_lock_candidate_v1,paired_failed_continuation_profit_lock_candidate_v1,173,frozen_map,2026-09-06T15:29:28.508111Z,active_with_buy,same_entry_different_exit,a108a82995fdb140,1,891089c0dc718860,1,forward_pattern_isolated,failed_continuation_profit_lock,capital_exit_existing_v1,ba60fcfc182f3b48,c169db628751af4c,b403398f9e5ddb8c,,4,4,4,14,14,10,10,0,"{""dispatch"":{""contract"":null,""control"":null,""direction"":""failed_continuation_profit_lock"",""mode"":""isolated_pattern_observer"",""path"":""forward_pattern_isolated""},""fields"":{""entry_contract"":""strict_forward_asof_v1"",""entry_family"":""failed_continuation_profit_lock"",""entry_filter"":{""capital_exit_kind"":""failed_continuation_profit_lock"",""direction"":""failed_continuation_profit_lock"",""paired_entry_kind"":""failed_continuation_profit_lock""},""entry_gate"":""broad_start"",""entry_match_mode"":""isolated_pattern_observer"",""no_historical_backfill"":true,""paired_entry_group"":""failed_continuation_profit_lock"",""required_inputs"":[""failed_continuation_profit_lock"",""asof_snapshot""]}}","{""capital_exit_kind"":""failed_continuation_profit_lock"",""capital_exit_policy"":{""maximum_breadth_change_ratio"":-0.25,""maximum_depth_change_ratio"":-0.1,""maximum_frame_age_seconds"":15.0,""maximum_liquidity_change_ratio"":-0.15,""minimum_bad_frames"":2,""minimum_positive_economic_return"":0.0,""version"":""failed-continuation-profit-lock/v1""},""capital_experiment"":true,""exit_family"":""capital_exit_existing_v1"",""hard_stop_return"":-0.2,""max_hold_minutes"":240.0,""take_profit"":[{""fraction_of_remaining"":0.5,""return"":1.0}],""trailing_activate_return"":1.0,""trailing_drawdown"":0.15}","{""_execution"":{""additional_fee_usd_each_fill"":0.0,""buy_slippage_bps"":400,""min_pool_liquidity_usd"":1000.0,""sell_slippage_bps"":400},""execution_profile"":""dexscreener-market-paper/v2-before-after"",""notional_usd"":20.0}"
paired_failed_continuation_profit_lock_control_v1,paired_failed_continuation_profit_lock_control_v1,174,frozen_map,2026-09-06T15:29:28.508111Z,active_with_buy,same_entry_different_exit,46b9c037ee30676f,1,d4548bdee4824a38,1,forward_pattern_isolated,failed_continuation_profit_lock,capital_exit_existing_v1,ba60fcfc182f3b48,34ef96c4d54c6bde,b403398f9e5ddb8c,,4,4,4,14,14,10,10,0,"{""dispatch"":{""contract"":null,""control"":null,""direction"":""failed_continuation_profit_lock"",""mode"":""isolated_pattern_observer"",""path"":""forward_pattern_isolated""},""fields"":{""entry_contract"":""strict_forward_asof_v1"",""entry_family"":""failed_continuation_profit_lock"",""entry_filter"":{""capital_exit_kind"":""failed_continuation_profit_lock"",""direction"":""failed_continuation_profit_lock"",""paired_entry_kind"":""failed_continuation_profit_lock""},""entry_gate"":""broad_start"",""entry_match_mode"":""isolated_pattern_observer"",""no_historical_backfill"":true,""paired_entry_group"":""failed_continuation_profit_lock"",""required_inputs"":[""failed_continuation_profit_lock"",""asof_snapshot""]}}","{""capital_exit_policy"":{},""capital_experiment"":true,""exit_family"":""capital_exit_existing_v1"",""hard_stop_return"":-0.2,""max_hold_minutes"":240.0,""take_profit"":[{""fraction_of_remaining"":0.5,""return"":1.0}],""trailing_activate_return"":1.0,""trailing_drawdown"":0.15}","{""_execution"":{""additional_fee_usd_each_fill"":0.0,""buy_slippage_bps"":400,""min_pool_liquidity_usd"":1000.0,""sell_slippage_bps"":400},""execution_profile"":""dexscreener-market-paper/v2-before-after"",""notional_usd"":20.0}"
prebreakout_net_accumulation_v1,prebreakout_net_accumulation_v1,175,frozen_map,2026-09-06T15:29:28.508111Z,active_with_buy,different_entry_same_exit,95b70052ad5b91f3,1,e366327ddab0ea4f,1,forward_pattern_isolated,evidence_extension_l0,capital_exit_existing_v1,58670af10d723dd4,cb23b87492da7854,ef6af75af2fe215f,,2,2,2,33,33,31,31,0,"{""dispatch"":{""contract"":null,""control"":null,""direction"":""compression_breakout"",""mode"":""isolated_pattern_observer"",""path"":""forward_pattern_isolated""},""fields"":{""entry_contract"":""strict_forward_asof_v1"",""entry_family"":""evidence_extension_l0"",""entry_filter"":{""direction"":""compression_breakout"",""max_age"":21600,""max_baseline_range"":1.04,""max_breakout"":1.15,""min_breakout"":1.05,""min_buy_ratio"":0.58,""min_frames"":5,""min_liquidity_retention"":0.95,""min_span"":40,""min_trades"":8,""min_volume_acceleration"":1.5},""entry_gate"":""broad_start"",""entry_match_mode"":""isolated_pattern_observer"",""entry_revision_kind"":""evidence_extension_l0"",""no_historical_backfill"":true,""replacement_input_contract"":""existing_same_pool_l0_no_new_api/v1"",""required_inputs"":[""post_deployment_same_pool_l0_history"",""price_liquidity_volume_aggregate_transactions""]}}","{""capital_exit_policy"":{},""capital_experiment"":true,""exit_family"":""capital_exit_existing_v1"",""hard_stop_return"":-0.2,""max_hold_minutes"":15.0,""take_profit"":[],""trailing_activate_return"":0.3,""trailing_drawdown"":0.15}","{""_execution"":{""additional_fee_usd_each_fill"":0.0,""buy_slippage_bps"":400,""min_pool_liquidity_usd"":1000.0,""sell_slippage_bps"":400},""execution_profile"":""dexscreener-market-paper/v2-before-after"",""notional_usd"":5.0}"
liquidity_leads_price_v1,liquidity_leads_price_v1,176,frozen_map,2026-09-06T15:29:28.508111Z,dormant_coverage_unknown,different_entry_same_exit,9251a6443fc0d890,1,7eda90bc8a5b0df6,1,forward_pattern_isolated,evidence_extension_l0,capital_exit_existing_v1,47a9cf6e415ada8b,cb23b87492da7854,ef6af75af2fe215f,,0,0,0,0,0,0,0,0,"{""dispatch"":{""contract"":null,""control"":null,""direction"":""liquidity_lead"",""mode"":""isolated_pattern_observer"",""path"":""forward_pattern_isolated""},""fields"":{""entry_contract"":""strict_forward_asof_v1"",""entry_family"":""evidence_extension_l0"",""entry_filter"":{""direction"":""liquidity_lead"",""max_age"":21600,""max_price_ratio"":1.08,""min_buy_ratio"":0.58,""min_frames"":3,""min_liquidity_growth"":1.3,""min_price_ratio"":1.0,""min_span"":20,""min_trades"":8,""min_volume"":800},""entry_gate"":""broad_start"",""entry_match_mode"":""isolated_pattern_observer"",""entry_revision_kind"":""evidence_extension_l0"",""no_historical_backfill"":true,""replacement_input_contract"":""existing_same_pool_l0_no_new_api/v1"",""required_inputs"":[""post_deployment_same_pool_l0_history"",""price_liquidity_volume_aggregate_transactions""]}}","{""capital_exit_policy"":{},""capital_experiment"":true,""exit_family"":""capital_exit_existing_v1"",""hard_stop_return"":-0.2,""max_hold_minutes"":15.0,""take_profit"":[],""trailing_activate_return"":0.3,""trailing_drawdown"":0.15}","{""_execution"":{""additional_fee_usd_each_fill"":0.0,""buy_slippage_bps"":400,""min_pool_liquidity_usd"":1000.0,""sell_slippage_bps"":400},""execution_profile"":""dexscreener-market-paper/v2-before-after"",""notional_usd"":5.0}"
fast_stop_reclaim_v1,fast_stop_reclaim_v1,177,frozen_map,2026-09-06T15:29:28.508111Z,active_with_buy,different_entry_same_exit,5d1a52de2d6ed2bf,1,0d91b52890f058a8,1,forward_pattern_isolated,fast_stop_reclaim,capital_exit_existing_v1,09f53c417d383ea3,cb23b87492da7854,ef6af75af2fe215f,,41,41,31,210,210,169,169,0,"{""dispatch"":{""contract"":null,""control"":null,""direction"":""fast_stop_reclaim"",""mode"":""isolated_pattern_observer"",""path"":""forward_pattern_isolated""},""fields"":{""entry_contract"":""strict_forward_asof_v1"",""entry_family"":""fast_stop_reclaim"",""entry_filter"":{""direction"":""fast_stop_reclaim"",""entry_reclaim_multiple"":0.9,""max_gap_seconds"":45,""max_top1_notional_share"":0.6,""min_depth_growth"":0.25,""min_effective_breadth"":2,""min_frames"":4,""min_net_gross_ratio"":0.2,""min_span_seconds"":30,""price_range_max"":0.05,""stop_max_gap_seconds"":600,""stop_min_gap_seconds"":60,""stop_reclaim_multiple"":1.08},""entry_gate"":""broad_start"",""entry_match_mode"":""isolated_pattern_observer"",""no_historical_backfill"":true,""required_inputs"":[""post_deployment_same_pool_history"",""fast_stop_reclaim""]}}","{""capital_exit_policy"":{},""capital_experiment"":true,""exit_family"":""capital_exit_existing_v1"",""hard_stop_return"":-0.2,""max_hold_minutes"":15.0,""take_profit"":[],""trailing_activate_return"":0.3,""trailing_drawdown"":0.15}","{""_execution"":{""additional_fee_usd_each_fill"":0.0,""buy_slippage_bps"":400,""min_pool_liquidity_usd"":1000.0,""sell_slippage_bps"":400},""execution_profile"":""dexscreener-market-paper/v2-before-after"",""notional_usd"":5.0}"
no_ca_event_flow_leader_v1,no_ca_event_flow_leader_v1,178,frozen_map,2026-09-06T15:29:28.508111Z,active_with_buy,different_entry_same_exit,455a71cec5bff613,1,385d3b245b509452,1,forward_pattern_isolated,evidence_extension_l0,capital_exit_existing_v1,96e2c32b7a335421,cb23b87492da7854,ef6af75af2fe215f,,4,4,4,58,58,54,54,0,"{""dispatch"":{""contract"":null,""control"":null,""direction"":""compression_breakout"",""mode"":""isolated_pattern_observer"",""path"":""forward_pattern_isolated""},""fields"":{""entry_contract"":""strict_forward_asof_v1"",""entry_family"":""evidence_extension_l0"",""entry_filter"":{""direction"":""compression_breakout"",""max_age"":21600,""max_baseline_range"":1.05,""max_breakout"":1.2,""min_breakout"":1.06,""min_buy_ratio"":0.55,""min_frames"":4,""min_liquidity_retention"":0.9,""min_span"":30,""min_trades"":8,""min_volume_acceleration"":1.5},""entry_gate"":""broad_start"",""entry_match_mode"":""isolated_pattern_observer"",""entry_revision_kind"":""evidence_extension_l0"",""no_historical_backfill"":true,""replacement_input_contract"":""existing_same_pool_l0_no_new_api/v1"",""required_inputs"":[""post_deployment_same_pool_l0_history"",""price_liquidity_volume_aggregate_transactions""]}}","{""capital_exit_policy"":{},""capital_experiment"":true,""exit_family"":""capital_exit_existing_v1"",""hard_stop_return"":-0.2,""max_hold_minutes"":15.0,""take_profit"":[],""trailing_activate_return"":0.3,""trailing_drawdown"":0.15}","{""_execution"":{""additional_fee_usd_each_fill"":0.0,""buy_slippage_bps"":400,""min_pool_liquidity_usd"":1000.0,""sell_slippage_bps"":400},""execution_profile"":""dexscreener-market-paper/v2-before-after"",""notional_usd"":5.0}"
duration_competing_risk_v1,duration_competing_risk_v1,179,frozen_map,2026-09-06T15:29:28.508111Z,dormant_coverage_unknown,distinct,579112ecd53c7184,1,af77f0d6d773acb6,1,forward_pattern_isolated,duration_competing_risk,capital_exit_existing_v1,baff08ee01ddf012,00ab4f6f560567db,ef6af75af2fe215f,,0,0,0,0,0,0,0,0,"{""dispatch"":{""contract"":null,""control"":null,""direction"":""duration_competing_risk"",""mode"":""isolated_pattern_observer"",""path"":""forward_pattern_isolated""},""fields"":{""entry_contract"":""strict_forward_asof_v1"",""entry_family"":""duration_competing_risk"",""entry_filter"":{""direction"":""duration_competing_risk"",""gap_assumption"":""adverse_sensitivity_not_realized_loss"",""horizon_seconds"":300,""min_sealed_samples"":20},""entry_gate"":""broad_start"",""entry_match_mode"":""isolated_pattern_observer"",""no_historical_backfill"":true,""required_inputs"":[""sealed_duration_model"",""asof_snapshot""]}}","{""capital_exit_policy"":{},""capital_experiment"":true,""capital_revision_kind"":""duration_risk_l0_confirmation"",""exit_family"":""capital_exit_existing_v1"",""hard_stop_return"":-0.2,""max_hold_minutes"":15.0,""take_profit"":[],""trailing_activate_return"":0.3,""trailing_drawdown"":0.15}","{""_execution"":{""additional_fee_usd_each_fill"":0.0,""buy_slippage_bps"":400,""min_pool_liquidity_usd"":1000.0,""sell_slippage_bps"":400},""execution_profile"":""dexscreener-market-paper/v2-before-after"",""notional_usd"":5.0}"
direct_lp_amount_specific_confirmed_v1,direct_lp_amount_specific_confirmed_v1,180,frozen_map,2026-09-06T15:29:28.508111Z,active_with_buy,different_entry_same_exit,e64dcb51c07553f1,1,df60c1ca987e1c87,1,forward_pattern_isolated,evidence_extension_l0,capital_exit_existing_v1,4ef171e3709af762,d01bd4a8507b749e,ef6af75af2fe215f,,77,77,77,445,445,368,368,0,"{""dispatch"":{""contract"":null,""control"":null,""direction"":""early_quality"",""mode"":""isolated_pattern_observer"",""path"":""forward_pattern_isolated""},""fields"":{""entry_contract"":""strict_forward_asof_v1"",""entry_family"":""evidence_extension_l0"",""entry_filter"":{""direction"":""early_quality"",""max_age"":1800,""min_average_trade"":100,""min_buy_ratio"":0.55,""min_trades"":6,""min_volume"":900},""entry_gate"":""broad_start"",""entry_match_mode"":""isolated_pattern_observer"",""entry_revision_kind"":""evidence_extension_l0"",""no_historical_backfill"":true,""replacement_input_contract"":""existing_same_pool_l0_no_new_api/v1"",""required_inputs"":[""post_deployment_same_pool_l0_history"",""price_liquidity_volume_aggregate_transactions""]}}","{""capital_exit_kind"":""vault_hazard"",""capital_exit_policy"":{""extreme_red_effective_quote_change_ratio"":-0.35,""extreme_red_raw_quote_change_ratio"":-0.35,""maximum_confirmation_gap_seconds"":15.0,""maximum_frame_age_seconds"":15.0,""minimum_bad_frames"":2,""version"":""vault-hazard-exit/v1""},""capital_experiment"":true,""exit_family"":""capital_exit_existing_v1"",""hard_stop_return"":-0.15,""max_hold_minutes"":10.0,""take_profit"":[],""trailing_activate_return"":0.3,""trailing_drawdown"":0.15}","{""_execution"":{""additional_fee_usd_each_fill"":0.0,""buy_slippage_bps"":400,""min_pool_liquidity_usd"":1000.0,""sell_slippage_bps"":400},""execution_profile"":""dexscreener-market-paper/v2-before-after"",""notional_usd"":5.0}"
official_event_actual_flow_v1,official_event_actual_flow_v1,181,frozen_map,2026-09-06T15:29:28.508111Z,active_with_buy,different_entry_same_exit,b1a22e7f95fc884d,1,ed35c3113b7ea4b4,1,forward_pattern_isolated,evidence_extension_l0,capital_exit_existing_v1,250507e391ab974c,cb23b87492da7854,ef6af75af2fe215f,,51,51,51,359,359,308,308,0,"{""dispatch"":{""contract"":null,""control"":null,""direction"":""continuation"",""mode"":""isolated_pattern_observer"",""path"":""forward_pattern_isolated""},""fields"":{""entry_contract"":""strict_forward_asof_v1"",""entry_family"":""evidence_extension_l0"",""entry_filter"":{""direction"":""continuation"",""max_age"":3600,""max_price_ratio"":1.2,""min_buy_ratio"":0.6,""min_frames"":3,""min_liquidity_retention"":0.9,""min_price_ratio"":1.02,""min_span"":20,""min_trades"":8,""min_volume"":800,""min_volume_acceleration"":1.0},""entry_gate"":""broad_start"",""entry_match_mode"":""isolated_pattern_observer"",""entry_revision_kind"":""evidence_extension_l0"",""no_historical_backfill"":true,""replacement_input_contract"":""existing_same_pool_l0_no_new_api/v1"",""required_inputs"":[""post_deployment_same_pool_l0_history"",""price_liquidity_volume_aggregate_transactions""]}}","{""capital_exit_policy"":{},""capital_experiment"":true,""exit_family"":""capital_exit_existing_v1"",""hard_stop_return"":-0.2,""max_hold_minutes"":15.0,""take_profit"":[],""trailing_activate_return"":0.3,""trailing_drawdown"":0.15}","{""_execution"":{""additional_fee_usd_each_fill"":0.0,""buy_slippage_bps"":400,""min_pool_liquidity_usd"":1000.0,""sell_slippage_bps"":400},""execution_profile"":""dexscreener-market-paper/v2-before-after"",""notional_usd"":5.0}"
migration_amount_rate_absorption_v1,migration_amount_rate_absorption_v1,182,frozen_map,2026-09-06T15:29:28.508111Z,active_with_buy,different_entry_same_exit,9d8b4534851356fb,1,d19aa3e409365a11,1,forward_pattern_isolated,evidence_extension_l0,capital_exit_existing_v1,3c983132a298eee0,cb23b87492da7854,ef6af75af2fe215f,,51,51,51,311,311,260,260,0,"{""dispatch"":{""contract"":null,""control"":null,""direction"":""young_absorption"",""mode"":""isolated_pattern_observer"",""path"":""forward_pattern_isolated""},""fields"":{""entry_contract"":""strict_forward_asof_v1"",""entry_family"":""evidence_extension_l0"",""entry_filter"":{""direction"":""young_absorption"",""max_age"":2400,""max_price_ratio"":1.22,""min_buy_ratio"":0.6,""min_frames"":3,""min_liquidity_retention"":1.0,""min_price_ratio"":1.04,""min_span"":20,""min_trades"":10,""min_volume"":1200},""entry_gate"":""broad_start"",""entry_match_mode"":""isolated_pattern_observer"",""entry_revision_kind"":""evidence_extension_l0"",""no_historical_backfill"":true,""replacement_input_contract"":""existing_same_pool_l0_no_new_api/v1"",""required_inputs"":[""post_deployment_same_pool_l0_history"",""price_liquidity_volume_aggregate_transactions""]}}","{""capital_exit_policy"":{},""capital_experiment"":true,""exit_family"":""capital_exit_existing_v1"",""hard_stop_return"":-0.2,""max_hold_minutes"":15.0,""take_profit"":[],""trailing_activate_return"":0.3,""trailing_drawdown"":0.15}","{""_execution"":{""additional_fee_usd_each_fill"":0.0,""buy_slippage_bps"":400,""min_pool_liquidity_usd"":1000.0,""sell_slippage_bps"":400},""execution_profile"":""dexscreener-market-paper/v2-before-after"",""notional_usd"":5.0}"
early_observed_buyer_distribution_v1,early_observed_buyer_distribution_v1,183,frozen_map,2026-09-06T15:29:28.508111Z,active_with_buy,distinct,537e6e01ad6b021b,1,403bb30ee0064d53,1,forward_pattern_isolated,early_observed_buyer_distribution,capital_exit_existing_v1,dee5967c3ad197ec,ba4d29215715e1b9,ef6af75af2fe215f,,4,4,4,14,14,10,10,0,"{""dispatch"":{""contract"":null,""control"":null,""direction"":""early_observed_buyer_distribution"",""mode"":""isolated_pattern_observer"",""path"":""forward_pattern_isolated""},""fields"":{""entry_contract"":""strict_forward_asof_v1"",""entry_family"":""early_observed_buyer_distribution"",""entry_filter"":{""direction"":""early_observed_buyer_distribution""},""entry_gate"":""broad_start"",""entry_match_mode"":""isolated_pattern_observer"",""no_historical_backfill"":true,""required_inputs"":[""creator_early_holder_distribution"",""asof_snapshot""]}}","{""capital_exit_kind"":""early_observed_buyer_distribution"",""capital_exit_policy"":{""maximum_breadth_change_ratio"":-0.2,""maximum_depth_change_ratio"":-0.1,""maximum_frame_age_seconds"":15.0,""maximum_net_quote_flow_usd"":0.0,""minimum_bad_frames"":2,""minimum_distribution_notional_usd"":100.0,""minimum_distribution_sell_share"":0.35,""version"":""early-observed-buyer-distribution/v1""},""capital_experiment"":true,""exit_family"":""capital_exit_existing_v1"",""hard_stop_return"":-0.2,""max_hold_minutes"":15.0,""take_profit"":[],""trailing_activate_return"":0.3,""trailing_drawdown"":0.15}","{""_execution"":{""additional_fee_usd_each_fill"":0.0,""buy_slippage_bps"":400,""min_pool_liquidity_usd"":1000.0,""sell_slippage_bps"":400},""execution_profile"":""dexscreener-market-paper/v2-before-after"",""notional_usd"":5.0}"
common_funding_adjusted_breadth_5u_v1,common_funding_adjusted_breadth_5u_v1,184,frozen_map,2026-09-06T15:29:28.508111Z,active_with_buy,different_entry_same_exit,6b5e65903f837ead,1,701ab36d21d62f1c,1,forward_pattern_isolated,evidence_extension_l0,capital_exit_existing_v1,16f4c87902c6d4ed,cb23b87492da7854,ef6af75af2fe215f,,107,107,107,649,649,542,542,0,"{""dispatch"":{""contract"":null,""control"":null,""direction"":""continuation"",""mode"":""isolated_pattern_observer"",""path"":""forward_pattern_isolated""},""fields"":{""entry_contract"":""strict_forward_asof_v1"",""entry_family"":""evidence_extension_l0"",""entry_filter"":{""direction"":""continuation"",""max_age"":3600,""max_price_ratio"":1.15,""min_buy_ratio"":0.55,""min_frames"":3,""min_liquidity_retention"":0.95,""min_price_ratio"":1.0,""min_span"":20,""min_trades"":6,""min_volume"":600,""min_volume_acceleration"":0.9},""entry_gate"":""broad_start"",""entry_match_mode"":""isolated_pattern_observer"",""entry_revision_kind"":""evidence_extension_l0"",""no_historical_backfill"":true,""replacement_input_contract"":""existing_same_pool_l0_no_new_api/v1"",""required_inputs"":[""post_deployment_same_pool_l0_history"",""price_liquidity_volume_aggregate_transactions""]}}","{""capital_exit_policy"":{},""capital_experiment"":true,""exit_family"":""capital_exit_existing_v1"",""hard_stop_return"":-0.2,""max_hold_minutes"":15.0,""take_profit"":[],""trailing_activate_return"":0.3,""trailing_drawdown"":0.15}","{""_execution"":{""additional_fee_usd_each_fill"":0.0,""buy_slippage_bps"":400,""min_pool_liquidity_usd"":1000.0,""sell_slippage_bps"":400},""execution_profile"":""dexscreener-market-paper/v2-before-after"",""notional_usd"":5.0}"
observed_cycle_reset_reacceleration_v1,observed_cycle_reset_reacceleration_v1,185,frozen_map,2026-09-06T15:29:28.508111Z,dormant_coverage_unknown,different_entry_same_exit,3e9fea28ba32b990,1,47b72e4f462bc6b6,1,forward_pattern_isolated,cycle_reset,pattern_cost_scaleout,ad953d400e1fab93,275dfb06b0dc59f2,ef6af75af2fe215f,,0,0,0,0,0,0,0,0,"{""dispatch"":{""contract"":""cycle-volatility/v1"",""control"":false,""direction"":""cycle_reset"",""mode"":""isolated_pattern_observer"",""path"":""forward_pattern_isolated""},""fields"":{""entry_family"":""cycle_reset"",""entry_filter"":{""base_from_seconds"":300,""base_min_frames"":6,""base_min_span_seconds"":180,""base_peak_volume_max"":0.5,""base_range_max"":1.08,""base_to_seconds"":60,""buy_ratio_min"":0.6,""contract"":""cycle-volatility/v1"",""control"":false,""count_min"":6,""direction"":""cycle_reset"",""first_wave_min"":1.35,""liquidity_retention_min"":0.8,""max_gap_seconds"":90,""min_age_seconds"":1800,""min_frames"":16,""min_span_seconds"":720,""peak_age_max_seconds"":900,""peak_age_min_seconds"":360,""trigger_max"":1.35,""trigger_min"":1.12,""trigger_peak_max"":0.9,""trough_peak_max"":0.75,""trough_peak_min"":0.5,""volume_acceleration_min"":1.5},""entry_gate"":""bounded_pattern_observer_v1"",""entry_match_mode"":""isolated_pattern_observer"",""no_historical_backfill"":true}}","{""exact_risk_alerts"":""shadow_only_no_trading_authority"",""exit_family"":""pattern_cost_scaleout"",""exit_mode"":""market_mark_pattern_scaleout"",""hard_stop_return"":-0.2,""max_hold_minutes"":15.0,""take_profit"":[{""fraction_of_remaining"":0.5,""return"":0.3},{""fraction_of_remaining"":1.0,""return"":0.8}],""trailing_activate_return"":0.3,""trailing_drawdown"":0.15}","{""_execution"":{""additional_fee_usd_each_fill"":0.0,""buy_slippage_bps"":400,""min_pool_liquidity_usd"":1000.0,""sell_slippage_bps"":400},""execution_profile"":""dexscreener-market-paper/v2-before-after"",""notional_usd"":5.0}"
observed_cycle_reset_reacceleration_control_v1,observed_cycle_reset_reacceleration_control_v1,186,frozen_map,2026-09-06T15:29:28.508111Z,active_with_buy,different_entry_same_exit,f15716c41857974c,1,2ca98a191ed63084,1,forward_pattern_isolated,cycle_reset,pattern_cost_scaleout,02689da3fc0bf05c,275dfb06b0dc59f2,ef6af75af2fe215f,,1,1,1,17,17,16,16,0,"{""dispatch"":{""contract"":""cycle-volatility/v1"",""control"":true,""direction"":""cycle_reset"",""mode"":""isolated_pattern_observer"",""path"":""forward_pattern_isolated""},""fields"":{""entry_family"":""cycle_reset"",""entry_filter"":{""base_from_seconds"":300,""base_min_frames"":6,""base_min_span_seconds"":180,""base_peak_volume_max"":0.5,""base_range_max"":1.08,""base_to_seconds"":60,""buy_ratio_min"":0.6,""contract"":""cycle-volatility/v1"",""control"":true,""count_min"":6,""direction"":""cycle_reset"",""first_wave_min"":1.35,""liquidity_retention_min"":0.8,""max_gap_seconds"":90,""min_age_seconds"":1800,""min_frames"":16,""min_span_seconds"":720,""peak_age_max_seconds"":900,""peak_age_min_seconds"":360,""trigger_max"":1.35,""trigger_min"":1.12,""trigger_peak_max"":0.9,""trough_peak_max"":0.75,""trough_peak_min"":0.5,""volume_acceleration_min"":1.5},""entry_gate"":""bounded_pattern_observer_v1"",""entry_match_mode"":""isolated_pattern_observer"",""no_historical_backfill"":true}}","{""exact_risk_alerts"":""shadow_only_no_trading_authority"",""exit_family"":""pattern_cost_scaleout"",""exit_mode"":""market_mark_pattern_scaleout"",""hard_stop_return"":-0.2,""max_hold_minutes"":15.0,""take_profit"":[{""fraction_of_remaining"":0.5,""return"":0.3},{""fraction_of_remaining"":1.0,""return"":0.8}],""trailing_activate_return"":0.3,""trailing_drawdown"":0.15}","{""_execution"":{""additional_fee_usd_each_fill"":0.0,""buy_slippage_bps"":400,""min_pool_liquidity_usd"":1000.0,""sell_slippage_bps"":400},""execution_profile"":""dexscreener-market-paper/v2-before-after"",""notional_usd"":5.0}"
volatility_scaled_depth_flow_momentum_v1,volatility_scaled_depth_flow_momentum_v1,187,frozen_map,2026-09-06T15:29:28.508111Z,active_with_buy,different_entry_same_exit,31658fe46dc92702,1,29fa291a69778411,1,forward_pattern_isolated,volatility_flow,pattern_cost_scaleout,8403115ac54f0aad,275dfb06b0dc59f2,ef6af75af2fe215f,,15,15,15,163,163,148,148,0,"{""dispatch"":{""contract"":""cycle-volatility/v1"",""control"":false,""direction"":""volatility_flow"",""mode"":""isolated_pattern_observer"",""path"":""forward_pattern_isolated""},""fields"":{""entry_family"":""volatility_flow"",""entry_filter"":{""buy_ratio_min"":0.6,""contract"":""cycle-volatility/v1"",""control"":false,""control_trigger_min"":1.08,""count_min"":8,""direction"":""volatility_flow"",""liquidity_retention_min"":0.85,""mad_scale"":1.4826,""max_age_seconds"":21600,""max_gap_seconds"":90,""max_span_seconds"":600,""min_age_seconds"":900,""min_frames"":9,""min_span_seconds"":120,""pressure_min"":0.02,""sigma_floor"":0.005,""trigger_max"":1.25,""trigger_min"":1.04,""z_min"":2.0},""entry_gate"":""bounded_pattern_observer_v1"",""entry_match_mode"":""isolated_pattern_observer"",""no_historical_backfill"":true}}","{""exact_risk_alerts"":""shadow_only_no_trading_authority"",""exit_family"":""pattern_cost_scaleout"",""exit_mode"":""market_mark_pattern_scaleout"",""hard_stop_return"":-0.2,""max_hold_minutes"":15.0,""take_profit"":[{""fraction_of_remaining"":0.5,""return"":0.3},{""fraction_of_remaining"":1.0,""return"":0.8}],""trailing_activate_return"":0.3,""trailing_drawdown"":0.15}","{""_execution"":{""additional_fee_usd_each_fill"":0.0,""buy_slippage_bps"":400,""min_pool_liquidity_usd"":1000.0,""sell_slippage_bps"":400},""execution_profile"":""dexscreener-market-paper/v2-before-after"",""notional_usd"":5.0}"
volatility_scaled_depth_flow_momentum_control_v1,volatility_scaled_depth_flow_momentum_control_v1,188,frozen_map,2026-09-06T15:29:28.508111Z,active_with_buy,different_entry_same_exit,1e83181605291113,1,a79b77a7ca28dd84,1,forward_pattern_isolated,volatility_flow,pattern_cost_scaleout,6215dc2ee9b25a78,275dfb06b0dc59f2,ef6af75af2fe215f,,17,17,17,162,162,145,145,0,"{""dispatch"":{""contract"":""cycle-volatility/v1"",""control"":true,""direction"":""volatility_flow"",""mode"":""isolated_pattern_observer"",""path"":""forward_pattern_isolated""},""fields"":{""entry_family"":""volatility_flow"",""entry_filter"":{""buy_ratio_min"":0.6,""contract"":""cycle-volatility/v1"",""control"":true,""control_trigger_min"":1.08,""count_min"":8,""direction"":""volatility_flow"",""liquidity_retention_min"":0.85,""mad_scale"":1.4826,""max_age_seconds"":21600,""max_gap_seconds"":90,""max_span_seconds"":600,""min_age_seconds"":900,""min_frames"":9,""min_span_seconds"":120,""pressure_min"":0.02,""sigma_floor"":0.005,""trigger_max"":1.25,""trigger_min"":1.04,""z_min"":2.0},""entry_gate"":""bounded_pattern_observer_v1"",""entry_match_mode"":""isolated_pattern_observer"",""no_historical_backfill"":true}}","{""exact_risk_alerts"":""shadow_only_no_trading_authority"",""exit_family"":""pattern_cost_scaleout"",""exit_mode"":""market_mark_pattern_scaleout"",""hard_stop_return"":-0.2,""max_hold_minutes"":15.0,""take_profit"":[{""fraction_of_remaining"":0.5,""return"":0.3},{""fraction_of_remaining"":1.0,""return"":0.8}],""trailing_activate_return"":0.3,""trailing_drawdown"":0.15}","{""_execution"":{""additional_fee_usd_each_fill"":0.0,""buy_slippage_bps"":400,""min_pool_liquidity_usd"":1000.0,""sell_slippage_bps"":400},""execution_profile"":""dexscreener-market-paper/v2-before-after"",""notional_usd"":5.0}"
issuance_holder_distribution_5u_v1,issuance_holder_distribution_5u_v1,189,frozen_map,2026-09-06T15:29:28.508111Z,active_with_buy,distinct,ec184145b16134ea,1,75452cf9d48ad013,1,forward_pattern_isolated,issuance_holder_distribution,capital_exit_existing_v1,5587e9946247ea0b,f61a9e7e919fe8ef,ef6af75af2fe215f,,4,4,4,14,14,10,10,0,"{""dispatch"":{""contract"":null,""control"":null,""direction"":""issuance_holder_distribution"",""mode"":""isolated_pattern_observer"",""path"":""forward_pattern_isolated""},""fields"":{""entry_contract"":""strict_forward_asof_v1"",""entry_family"":""issuance_holder_distribution"",""entry_filter"":{""direction"":""issuance_holder_distribution""},""entry_gate"":""broad_start"",""entry_match_mode"":""isolated_pattern_observer"",""no_historical_backfill"":true,""required_inputs"":[""creator_early_holder_distribution"",""asof_snapshot""]}}","{""capital_exit_kind"":""issuance_holder_distribution"",""capital_exit_policy"":{""maximum_breadth_change_ratio"":-0.2,""maximum_depth_change_ratio"":-0.1,""maximum_frame_age_seconds"":15.0,""maximum_net_quote_flow_usd"":0.0,""minimum_bad_frames"":2,""minimum_distribution_notional_usd"":100.0,""minimum_distribution_sell_share"":0.35,""version"":""issuance-holder-distribution/v1""},""capital_experiment"":true,""exit_family"":""capital_exit_existing_v1"",""hard_stop_return"":-0.2,""max_hold_minutes"":15.0,""take_profit"":[],""trailing_activate_return"":0.3,""trailing_drawdown"":0.15}","{""_execution"":{""additional_fee_usd_each_fill"":0.0,""buy_slippage_bps"":400,""min_pool_liquidity_usd"":1000.0,""sell_slippage_bps"":400},""execution_profile"":""dexscreener-market-paper/v2-before-after"",""notional_usd"":5.0}"
l0_continuation_failure_candidate_v1,l0_continuation_failure_candidate_v1,190,frozen_map,2026-09-06T15:29:28.508111Z,active_with_buy,same_entry_different_exit,cdaa283649dca221,1,5cc2a0f36d9f4813,1,main_snapshot_exact_family,broad_launch,l0_rolling_loss,3a6bff02957c12b5,2e01980c89eaf086,b403398f9e5ddb8c,,115,115,115,1475,1475,56,56,0,"{""dispatch"":{""entry_family"":""broad_launch"",""entry_gate"":""v6_asof_family"",""mode"":""exact_entry_family"",""path"":""main_snapshot_exact_family""},""fields"":{""entry_contract"":""strict_forward_asof_v1"",""entry_family"":""broad_launch"",""entry_filter"":{""direction"":""broad_launch"",""paired_entry_kind"":""l0_continuation_failure""},""entry_gate"":""v6_asof_family"",""entry_match_mode"":""exact_entry_family"",""no_historical_backfill"":true,""paired_entry_group"":""l0_rolling_loss_revision_v2"",""required_inputs"":[""broad_launch"",""original_pool_l0_frames""]}}","{""capital_exit_kind"":""l0_loss_deterioration"",""capital_exit_policy"":{""maximum_frame_age_seconds"":30.0,""minimum_bad_frames"":2,""minimum_frame_span_seconds"":5.0,""minimum_hold_seconds"":60.0,""version"":""l0-loss-deterioration/v1""},""capital_experiment"":true,""exit_family"":""l0_rolling_loss"",""hard_stop_return"":-0.2,""max_hold_minutes"":30.0,""runner_review_minutes"":10.0,""take_profit"":[],""trailing_activate_return"":0.3,""trailing_drawdown"":0.15}","{""_execution"":{""additional_fee_usd_each_fill"":0.0,""buy_slippage_bps"":400,""min_pool_liquidity_usd"":1000.0,""sell_slippage_bps"":400},""execution_profile"":""dexscreener-market-paper/v2-before-after"",""notional_usd"":20.0}"
l0_continuation_failure_control_v1,l0_continuation_failure_control_v1,191,frozen_map,2026-09-06T15:29:28.508111Z,active_with_buy,same_entry_different_exit,7bf35e50c5ae7266,1,e098739c22fef5da,1,main_snapshot_exact_family,broad_launch,l0_time_budget,3a6bff02957c12b5,dc23e0867b19e45f,b403398f9e5ddb8c,,109,109,109,1475,1475,38,38,0,"{""dispatch"":{""entry_family"":""broad_launch"",""entry_gate"":""v6_asof_family"",""mode"":""exact_entry_family"",""path"":""main_snapshot_exact_family""},""fields"":{""entry_contract"":""strict_forward_asof_v1"",""entry_family"":""broad_launch"",""entry_filter"":{""direction"":""broad_launch"",""paired_entry_kind"":""l0_continuation_failure""},""entry_gate"":""v6_asof_family"",""entry_match_mode"":""exact_entry_family"",""no_historical_backfill"":true,""paired_entry_group"":""l0_rolling_loss_revision_v2"",""required_inputs"":[""broad_launch"",""original_pool_l0_frames""]}}","{""capital_exit_policy"":{},""capital_experiment"":true,""exit_family"":""l0_time_budget"",""hard_stop_return"":-0.2,""max_hold_minutes"":30.0,""runner_review_minutes"":10.0,""take_profit"":[],""trailing_activate_return"":0.3,""trailing_drawdown"":0.15}","{""_execution"":{""additional_fee_usd_each_fill"":0.0,""buy_slippage_bps"":400,""min_pool_liquidity_usd"":1000.0,""sell_slippage_bps"":400},""execution_profile"":""dexscreener-market-paper/v2-before-after"",""notional_usd"":20.0}"
l0_profit_lock_candidate_v1,l0_profit_lock_candidate_v1,192,frozen_map,2026-09-06T15:29:28.508111Z,active_with_buy,same_entry_different_exit,270a792accb4cddd,1,027d6740f852d23b,1,main_snapshot_exact_family,broad_launch,l0_profit_lock,9de66ccd2ae97c47,fb4546380092ef16,b403398f9e5ddb8c,,93,93,93,1475,1475,150,150,0,"{""dispatch"":{""entry_family"":""broad_launch"",""entry_gate"":""v6_asof_family"",""mode"":""exact_entry_family"",""path"":""main_snapshot_exact_family""},""fields"":{""entry_contract"":""strict_forward_asof_v1"",""entry_family"":""broad_launch"",""entry_filter"":{""direction"":""broad_launch"",""paired_entry_kind"":""l0_profit_lock""},""entry_gate"":""v6_asof_family"",""entry_match_mode"":""exact_entry_family"",""no_historical_backfill"":true,""paired_entry_group"":""l0_staged_profit_revision_v2"",""required_inputs"":[""broad_launch"",""original_pool_l0_frames""]}}","{""capital_exit_kind"":""l0_profit_lock"",""capital_exit_policy"":{""maximum_frame_age_seconds"":15.0,""minimum_bad_frames"":2,""minimum_frame_span_seconds"":5.0,""version"":""l0-profit-lock/v1""},""capital_experiment"":true,""exit_family"":""l0_profit_lock"",""hard_stop_return"":-0.2,""max_hold_minutes"":60.0,""take_profit"":[{""fraction_of_remaining"":0.5,""return"":0.25}],""trailing_activate_return"":1.0,""trailing_drawdown"":0.15}","{""_execution"":{""additional_fee_usd_each_fill"":0.0,""buy_slippage_bps"":400,""min_pool_liquidity_usd"":1000.0,""sell_slippage_bps"":400},""execution_profile"":""dexscreener-market-paper/v2-before-after"",""notional_usd"":20.0}"
l0_profit_lock_control_v1,l0_profit_lock_control_v1,193,frozen_map,2026-09-06T15:29:28.508111Z,active_with_buy,same_entry_different_exit,147747b2f70d3851,1,3de866c27e9f9d78,1,main_snapshot_exact_family,broad_launch,capital_exit_existing_v1,9de66ccd2ae97c47,f29a227cf7bcb9b7,b403398f9e5ddb8c,,103,103,103,1475,1475,133,133,0,"{""dispatch"":{""entry_family"":""broad_launch"",""entry_gate"":""v6_asof_family"",""mode"":""exact_entry_family"",""path"":""main_snapshot_exact_family""},""fields"":{""entry_contract"":""strict_forward_asof_v1"",""entry_family"":""broad_launch"",""entry_filter"":{""direction"":""broad_launch"",""paired_entry_kind"":""l0_profit_lock""},""entry_gate"":""v6_asof_family"",""entry_match_mode"":""exact_entry_family"",""no_historical_backfill"":true,""paired_entry_group"":""l0_staged_profit_revision_v2"",""required_inputs"":[""broad_launch"",""original_pool_l0_frames""]}}","{""capital_exit_policy"":{},""capital_experiment"":true,""exit_family"":""capital_exit_existing_v1"",""hard_stop_return"":-0.2,""max_hold_minutes"":60.0,""take_profit"":[{""fraction_of_remaining"":1.0,""return"":0.25}],""trailing_activate_return"":1.0,""trailing_drawdown"":0.15}","{""_execution"":{""additional_fee_usd_each_fill"":0.0,""buy_slippage_bps"":400,""min_pool_liquidity_usd"":1000.0,""sell_slippage_bps"":400},""execution_profile"":""dexscreener-market-paper/v2-before-after"",""notional_usd"":20.0}"
clone_liquidity_leader_v1,clone_liquidity_leader_v1,194,frozen_map,2026-09-06T15:29:28.508111Z,dormant_coverage_unknown,different_entry_same_exit,068cc41bc1d9de3b,1,77907e950e57a129,1,cohort_isolated,clone_liquidity_leader,capital_exit_existing_v1,2a29f8442426c073,1c72b6baf06ad0cd,ef6af75af2fe215f,,0,0,0,0,0,0,0,0,"{""dispatch"":{""contract"":null,""direction"":""clone_liquidity_leader"",""mode"":""isolated_cohort_observer"",""path"":""cohort_isolated""},""fields"":{""entry_contract"":""strict_forward_asof_v1"",""entry_family"":""clone_liquidity_leader"",""entry_filter"":{""direction"":""clone_liquidity_leader""},""entry_gate"":""cohort_strict_forward_asof"",""entry_match_mode"":""isolated_cohort_observer"",""no_historical_backfill"":true,""paired_opportunity_group"":""clone_initial_leader"",""paired_opportunity_semantics"":""same_frozen_episode_not_same_buy"",""required_inputs"":[""bounded_local_observations"",""exact_original_pool_identity"",""next_independent_frame""]}}","{""capital_exit_policy"":{},""capital_experiment"":false,""exit_family"":""capital_exit_existing_v1"",""hard_stop_return"":-0.2,""max_hold_minutes"":15.0,""take_profit"":[],""trailing_activate_return"":0.3,""trailing_drawdown"":0.15}","{""_execution"":{""additional_fee_usd_each_fill"":0.0,""buy_slippage_bps"":400,""min_pool_liquidity_usd"":1000.0,""sell_slippage_bps"":400},""execution_profile"":""dexscreener-market-paper/v2-before-after"",""notional_usd"":5.0}"
clone_m5volume_leader_v1,clone_m5volume_leader_v1,195,frozen_map,2026-09-06T15:29:28.508111Z,dormant_coverage_unknown,different_entry_same_exit,77298eb0272b6586,1,369da9bb28b48f63,1,cohort_isolated,clone_m5volume_leader,capital_exit_existing_v1,4b05e4f836ec472f,1c72b6baf06ad0cd,ef6af75af2fe215f,,0,0,0,0,0,0,0,0,"{""dispatch"":{""contract"":null,""direction"":""clone_m5volume_leader"",""mode"":""isolated_cohort_observer"",""path"":""cohort_isolated""},""fields"":{""entry_contract"":""strict_forward_asof_v1"",""entry_family"":""clone_m5volume_leader"",""entry_filter"":{""direction"":""clone_m5volume_leader""},""entry_gate"":""cohort_strict_forward_asof"",""entry_match_mode"":""isolated_cohort_observer"",""no_historical_backfill"":true,""paired_opportunity_group"":""clone_initial_leader"",""paired_opportunity_semantics"":""same_frozen_episode_not_same_buy"",""required_inputs"":[""bounded_local_observations"",""exact_original_pool_identity"",""next_independent_frame""]}}","{""capital_exit_policy"":{},""capital_experiment"":false,""exit_family"":""capital_exit_existing_v1"",""hard_stop_return"":-0.2,""max_hold_minutes"":15.0,""take_profit"":[],""trailing_activate_return"":0.3,""trailing_drawdown"":0.15}","{""_execution"":{""additional_fee_usd_each_fill"":0.0,""buy_slippage_bps"":400,""min_pool_liquidity_usd"":1000.0,""sell_slippage_bps"":400},""execution_profile"":""dexscreener-market-paper/v2-before-after"",""notional_usd"":5.0}"
observed_set_relative_resilience_candidate_v1,observed_set_relative_resilience_candidate_v1,196,frozen_map,2026-09-06T15:29:28.508111Z,active_with_buy,different_entry_same_exit,a878132931458493,1,a5303546f2a10177,1,cohort_isolated,observed_set_relative_resilience,capital_exit_existing_v1,c06be99f9fe6e2d5,1c72b6baf06ad0cd,ef6af75af2fe215f,,1,1,1,1,1,0,0,0,"{""dispatch"":{""contract"":null,""direction"":""observed_set_relative_resilience"",""mode"":""isolated_cohort_observer"",""path"":""cohort_isolated""},""fields"":{""entry_contract"":""strict_forward_asof_v1"",""entry_family"":""observed_set_relative_resilience"",""entry_filter"":{""direction"":""observed_set_relative_resilience""},""entry_gate"":""cohort_strict_forward_asof"",""entry_match_mode"":""isolated_cohort_observer"",""no_historical_backfill"":true,""paired_opportunity_group"":""observed_set_relative_resilience"",""paired_opportunity_semantics"":""same_initial_opportunity_different_entry_time_not_same_buy"",""required_inputs"":[""bounded_local_observations"",""exact_original_pool_identity"",""next_independent_frame""]}}","{""capital_exit_policy"":{},""capital_experiment"":false,""exit_family"":""capital_exit_existing_v1"",""hard_stop_return"":-0.2,""max_hold_minutes"":15.0,""take_profit"":[],""trailing_activate_return"":0.3,""trailing_drawdown"":0.15}","{""_execution"":{""additional_fee_usd_each_fill"":0.0,""buy_slippage_bps"":400,""min_pool_liquidity_usd"":1000.0,""sell_slippage_bps"":400},""execution_profile"":""dexscreener-market-paper/v2-before-after"",""notional_usd"":5.0}"
observed_set_relative_resilience_control_v1,observed_set_relative_resilience_control_v1,197,frozen_map,2026-09-06T15:29:28.508111Z,active_with_buy,different_entry_same_exit,20af73fd816d493c,1,dea3fbb9117a176c,1,cohort_isolated,observed_set_relative_resilience_control,capital_exit_existing_v1,71991be90ff62014,1c72b6baf06ad0cd,ef6af75af2fe215f,,9,9,7,49,49,40,40,0,"{""dispatch"":{""contract"":null,""direction"":""observed_set_relative_resilience_control"",""mode"":""isolated_cohort_observer"",""path"":""cohort_isolated""},""fields"":{""entry_contract"":""strict_forward_asof_v1"",""entry_family"":""observed_set_relative_resilience_control"",""entry_filter"":{""direction"":""observed_set_relative_resilience_control""},""entry_gate"":""cohort_strict_forward_asof"",""entry_match_mode"":""isolated_cohort_observer"",""no_historical_backfill"":true,""paired_opportunity_group"":""observed_set_relative_resilience"",""paired_opportunity_semantics"":""same_initial_opportunity_different_entry_time_not_same_buy"",""required_inputs"":[""bounded_local_observations"",""exact_original_pool_identity"",""next_independent_frame""]}}","{""capital_exit_policy"":{},""capital_experiment"":false,""exit_family"":""capital_exit_existing_v1"",""hard_stop_return"":-0.2,""max_hold_minutes"":15.0,""take_profit"":[],""trailing_activate_return"":0.3,""trailing_drawdown"":0.15}","{""_execution"":{""additional_fee_usd_each_fill"":0.0,""buy_slippage_bps"":400,""min_pool_liquidity_usd"":1000.0,""sell_slippage_bps"":400},""execution_profile"":""dexscreener-market-paper/v2-before-after"",""notional_usd"":5.0}"
clone_liquidity_handoff_v1,clone_liquidity_handoff_v1,198,frozen_map,2026-09-06T15:29:28.508111Z,dormant_coverage_unknown,different_entry_same_exit,4459f1ac22930ef3,1,47dd8e540cc1f2a3,1,cohort_isolated,clone_liquidity_handoff,capital_exit_existing_v1,1c0b6743e4199ad1,1c72b6baf06ad0cd,ef6af75af2fe215f,,0,0,0,0,0,0,0,0,"{""dispatch"":{""contract"":null,""direction"":""clone_liquidity_handoff"",""mode"":""isolated_cohort_observer"",""path"":""cohort_isolated""},""fields"":{""entry_contract"":""strict_forward_asof_v1"",""entry_family"":""clone_liquidity_handoff"",""entry_filter"":{""direction"":""clone_liquidity_handoff""},""entry_gate"":""cohort_strict_forward_asof"",""entry_match_mode"":""isolated_cohort_observer"",""no_historical_backfill"":true,""opportunity_control_arm_id"":""clone_liquidity_leader_v1"",""paired_opportunity_group"":""clone_liquidity_handoff"",""paired_opportunity_semantics"":""same_initial_clone_episode_no_second_buy_control"",""required_inputs"":[""bounded_local_observations"",""exact_original_pool_identity"",""next_independent_frame""]}}","{""capital_exit_policy"":{},""capital_experiment"":false,""exit_family"":""capital_exit_existing_v1"",""hard_stop_return"":-0.2,""max_hold_minutes"":15.0,""take_profit"":[],""trailing_activate_return"":0.3,""trailing_drawdown"":0.15}","{""_execution"":{""additional_fee_usd_each_fill"":0.0,""buy_slippage_bps"":400,""min_pool_liquidity_usd"":1000.0,""sell_slippage_bps"":400},""execution_profile"":""dexscreener-market-paper/v2-before-after"",""notional_usd"":5.0}"
staged_probe_20u_once_control_v1,staged_probe_20u_once_control_v1,199,frozen_map,2026-09-06T15:29:28.508111Z,active_with_buy,distinct,aee238dd63509e9e,1,1fb2d13aca453873,1,cohort_isolated,broad_launch,capital_exit_existing_v1,9946dd4e482d3b28,1c72b6baf06ad0cd,566e02566cf1e9ec,,114,114,114,15611,15611,153,153,0,"{""dispatch"":{""contract"":null,""direction"":""broad_launch"",""mode"":""isolated_cohort_observer"",""path"":""cohort_isolated""},""fields"":{""entry_contract"":""strict_forward_asof_v1"",""entry_family"":""broad_launch"",""entry_filter"":{""direction"":""broad_launch"",""paired_entry_kind"":""staged_probe_s03""},""entry_gate"":""v6_asof_family"",""entry_match_mode"":""isolated_cohort_observer"",""no_historical_backfill"":true,""paired_opportunity_group"":""staged_probe_s03"",""paired_opportunity_semantics"":""same_passive_broad_signal_different_notional_fills"",""probe_kind"":""20u_once_control"",""probe_policy"":{},""required_inputs"":[""broad_launch"",""original_pool_l0_frames""]}}","{""capital_exit_policy"":{},""capital_experiment"":false,""exit_family"":""capital_exit_existing_v1"",""hard_stop_return"":-0.2,""max_hold_minutes"":15.0,""take_profit"":[],""trailing_activate_return"":0.3,""trailing_drawdown"":0.15}","{""_execution"":{""additional_fee_usd_each_fill"":0.0,""buy_slippage_bps"":400,""min_pool_liquidity_usd"":1000.0,""sell_slippage_bps"":400},""execution_profile"":""dexscreener-market-paper/v2-before-after"",""notional_usd"":20.0,""shadow_notional_usd"":0.0}"
staged_probe_5u_only_control_v1,staged_probe_5u_only_control_v1,200,frozen_map,2026-09-06T15:29:28.508111Z,active_with_buy,distinct,aee238dd63509e9e,1,3d0078d8d26fde71,1,cohort_isolated,broad_launch,capital_exit_existing_v1,405ce3b62ae4d6d7,1c72b6baf06ad0cd,7dd2a78024ab251f,,114,114,114,663,663,549,549,0,"{""dispatch"":{""contract"":null,""direction"":""broad_launch"",""mode"":""isolated_cohort_observer"",""path"":""cohort_isolated""},""fields"":{""entry_contract"":""strict_forward_asof_v1"",""entry_family"":""broad_launch"",""entry_filter"":{""direction"":""broad_launch"",""paired_entry_kind"":""staged_probe_s03""},""entry_gate"":""v6_asof_family"",""entry_match_mode"":""isolated_cohort_observer"",""no_historical_backfill"":true,""paired_opportunity_group"":""staged_probe_s03"",""paired_opportunity_semantics"":""same_passive_broad_signal_different_notional_fills"",""probe_kind"":""5u_only_control"",""probe_policy"":{},""required_inputs"":[""broad_launch"",""original_pool_l0_frames""]}}","{""capital_exit_policy"":{},""capital_experiment"":false,""exit_family"":""capital_exit_existing_v1"",""hard_stop_return"":-0.2,""max_hold_minutes"":15.0,""take_profit"":[],""trailing_activate_return"":0.3,""trailing_drawdown"":0.15}","{""_execution"":{""additional_fee_usd_each_fill"":0.0,""buy_slippage_bps"":400,""min_pool_liquidity_usd"":1000.0,""sell_slippage_bps"":400},""execution_profile"":""dexscreener-market-paper/v2-before-after"",""notional_usd"":5.0,""shadow_notional_usd"":0.0}"
staged_probe_5u_conditional_15u_shadow_v1,staged_probe_5u_conditional_15u_shadow_v1,201,frozen_map,2026-09-06T15:29:28.508111Z,active_with_buy,distinct,aee238dd63509e9e,1,4b957fa992d1c898,1,cohort_isolated,broad_launch,capital_exit_existing_v1,6d1c407b03104d15,1c72b6baf06ad0cd,e8fcb5f36b5a737e,,114,114,114,663,663,549,549,0,"{""dispatch"":{""contract"":null,""direction"":""broad_launch"",""mode"":""isolated_cohort_observer"",""path"":""cohort_isolated""},""fields"":{""entry_contract"":""strict_forward_asof_v1"",""entry_family"":""broad_launch"",""entry_filter"":{""direction"":""broad_launch"",""paired_entry_kind"":""staged_probe_s03""},""entry_gate"":""v6_asof_family"",""entry_match_mode"":""isolated_cohort_observer"",""no_historical_backfill"":true,""paired_opportunity_group"":""staged_probe_s03"",""paired_opportunity_semantics"":""same_passive_broad_signal_different_notional_fills"",""probe_kind"":""bounded_5u_then_shadow_15u"",""probe_policy"":{""checkpoint_120_seconds"":120.0,""checkpoint_60_seconds"":60.0,""checkpoint_tolerance_seconds"":15.0,""entry_slippage_bps"":400,""maximum_frame_age_seconds"":15.0,""shadow_notional_usd"":15.0,""version"":""staged-probe-5u-shadow-15u/v1""},""required_inputs"":[""broad_launch"",""original_pool_l0_frames""]}}","{""capital_exit_policy"":{},""capital_experiment"":false,""exit_family"":""capital_exit_existing_v1"",""hard_stop_return"":-0.2,""max_hold_minutes"":15.0,""take_profit"":[],""trailing_activate_return"":0.3,""trailing_drawdown"":0.15}","{""_execution"":{""additional_fee_usd_each_fill"":0.0,""buy_slippage_bps"":400,""min_pool_liquidity_usd"":1000.0,""sell_slippage_bps"":400},""execution_profile"":""dexscreener-market-paper/v2-before-after"",""notional_usd"":5.0,""shadow_notional_usd"":15.0}"
mature_new_acceptance_5u_v1,mature_new_acceptance_5u_v1,202,frozen_map,2026-09-06T15:29:28.508111Z,dormant_coverage_unknown,distinct,e1ddaf0a5f509fd0,1,b270536c83763290,1,forward_pattern_isolated,mature_new_acceptance,pattern_cost_scaleout,8e8c4877c37b7824,f2885349ec1e8444,ef6af75af2fe215f,,0,0,0,0,0,0,0,0,"{""dispatch"":{""contract"":""mature-new-acceptance/v1"",""control"":null,""direction"":""mature_new_acceptance"",""mode"":""isolated_pattern_observer"",""path"":""forward_pattern_isolated""},""fields"":{""entry_family"":""mature_new_acceptance"",""entry_filter"":{""contract"":""mature-new-acceptance/v1"",""direction"":""mature_new_acceptance"",""event_kinds"":[""independent_information"",""natural_reactivation""],""maximum_confirmation_gap_seconds"":90.0,""minimum_confirmation_gap_seconds"":15.0,""minimum_pool_age_seconds"":21600.0},""entry_gate"":""bounded_pattern_observer_v1"",""entry_match_mode"":""isolated_pattern_observer"",""no_historical_backfill"":true,""required_inputs"":[""exact_pool_history"",""qualified_narrative_or_raw_quiet_reactivation"",""two_post_event_confirmations"",""next_frame_trade""]}}","{""capital_experiment"":false,""exact_risk_alerts"":""shadow_only_no_trading_authority"",""exit_family"":""pattern_cost_scaleout"",""exit_mode"":""market_mark_pattern_scaleout"",""hard_stop_return"":-0.2,""max_hold_minutes"":15.0,""take_profit"":[{""fraction_of_remaining"":0.5,""return"":0.3},{""fraction_of_remaining"":1.0,""return"":0.8}],""trailing_activate_return"":0.3,""trailing_drawdown"":0.15}","{""_execution"":{""additional_fee_usd_each_fill"":0.0,""buy_slippage_bps"":400,""min_pool_liquidity_usd"":1000.0,""sell_slippage_bps"":400},""execution_profile"":""dexscreener-market-paper/v2-before-after"",""notional_usd"":5.0}"
watched_wallet_distribution_candidate_v1,watched_wallet_distribution_candidate_v1,203,frozen_map,2026-09-06T15:29:28.508111Z,active_with_buy,same_entry_different_exit,ac5fbc6264eec5ff,1,369140d248fa66aa,1,cohort_isolated,broad_launch,capital_exit_existing_v1,b969be54a2cefc37,4186b876a52e07c5,ef6af75af2fe215f,,52,52,52,307,307,255,255,0,"{""dispatch"":{""contract"":null,""direction"":""broad_launch"",""mode"":""isolated_cohort_observer"",""path"":""cohort_isolated""},""fields"":{""entry_contract"":""strict_forward_asof_v1"",""entry_family"":""broad_launch"",""entry_filter"":{""direction"":""broad_launch"",""paired_entry_kind"":""watched_wallet_distribution_s05""},""entry_gate"":""v6_asof_family"",""entry_match_mode"":""isolated_cohort_observer"",""no_historical_backfill"":true,""paired_opportunity_group"":""watched_wallet_distribution_s05"",""required_inputs"":[""broad_launch"",""participation_scan"",""original_pool_l0_frames""]}}","{""capital_exit_kind"":""watched_wallet_distribution"",""capital_exit_policy"":{},""capital_experiment"":false,""exit_family"":""capital_exit_existing_v1"",""hard_stop_return"":-0.2,""max_hold_minutes"":15.0,""take_profit"":[],""trailing_activate_return"":0.3,""trailing_drawdown"":0.15,""wallet_exit_kind"":""watched_buy_then_sell_l0_weak"",""wallet_exit_policy"":{""maximum_frame_age_seconds"":15.0,""minimum_frame_span_seconds"":5.0,""minimum_weak_frames"":2,""version"":""watched-wallet-distribution/v1""}}","{""_execution"":{""additional_fee_usd_each_fill"":0.0,""buy_slippage_bps"":400,""min_pool_liquidity_usd"":1000.0,""sell_slippage_bps"":400},""execution_profile"":""dexscreener-market-paper/v2-before-after"",""notional_usd"":5.0}"
watched_wallet_distribution_control_v1,watched_wallet_distribution_control_v1,204,frozen_map,2026-09-06T15:29:28.508111Z,active_with_buy,same_entry_different_exit,262e7bd3d40a5c7d,1,2871501999d2cb1f,1,cohort_isolated,broad_launch,capital_exit_existing_v1,b969be54a2cefc37,3b88b3db91b6a83a,ef6af75af2fe215f,,52,52,52,307,307,255,255,0,"{""dispatch"":{""contract"":null,""direction"":""broad_launch"",""mode"":""isolated_cohort_observer"",""path"":""cohort_isolated""},""fields"":{""entry_contract"":""strict_forward_asof_v1"",""entry_family"":""broad_launch"",""entry_filter"":{""direction"":""broad_launch"",""paired_entry_kind"":""watched_wallet_distribution_s05""},""entry_gate"":""v6_asof_family"",""entry_match_mode"":""isolated_cohort_observer"",""no_historical_backfill"":true,""paired_opportunity_group"":""watched_wallet_distribution_s05"",""required_inputs"":[""broad_launch"",""participation_scan"",""original_pool_l0_frames""]}}","{""capital_exit_policy"":{},""capital_experiment"":false,""exit_family"":""capital_exit_existing_v1"",""hard_stop_return"":-0.2,""max_hold_minutes"":15.0,""take_profit"":[],""trailing_activate_return"":0.3,""trailing_drawdown"":0.15,""wallet_exit_policy"":{}}","{""_execution"":{""additional_fee_usd_each_fill"":0.0,""buy_slippage_bps"":400,""min_pool_liquidity_usd"":1000.0,""sell_slippage_bps"":400},""execution_profile"":""dexscreener-market-paper/v2-before-after"",""notional_usd"":5.0}"
watched_wallet_confirmed_entry_candidate_v1,watched_wallet_confirmed_entry_candidate_v1,205,frozen_map,2026-09-06T15:29:28.508111Z,dormant_coverage_unknown,different_entry_same_exit,6a09f2a524a9ad54,1,2e1b18e90ad16c13,1,forward_pattern_isolated,wallet_confirmed_broad_opportunity,capital_exit_existing_v1,b06e8efb2d8472c6,1c72b6baf06ad0cd,ef6af75af2fe215f,,0,0,0,0,0,0,0,0,"{""dispatch"":{""contract"":null,""control"":null,""direction"":""wallet_confirmed_broad_opportunity"",""mode"":""isolated_pattern_observer"",""path"":""forward_pattern_isolated""},""fields"":{""entry_contract"":""strict_forward_asof_v1"",""entry_family"":""wallet_confirmed_broad_opportunity"",""entry_filter"":{""direction"":""wallet_confirmed_broad_opportunity"",""paired_entry_kind"":""watched_wallet_confirmed_entry_s06"",""required_market_surface"":""solana_pumpswap""},""entry_gate"":""watched_buy_after_opportunity"",""entry_match_mode"":""isolated_pattern_observer"",""no_historical_backfill"":true,""paired_opportunity_group"":""watched_wallet_confirmed_entry_s06"",""required_inputs"":[""broad_launch"",""participation_scan""],""wallet_entry_policy"":{""ttl_seconds"":600.0,""version"":""watched-wallet-confirmed-entry/v1""},""wallet_entry_role"":""candidate""}}","{""capital_exit_policy"":{},""capital_experiment"":false,""exit_family"":""capital_exit_existing_v1"",""hard_stop_return"":-0.2,""max_hold_minutes"":15.0,""take_profit"":[],""trailing_activate_return"":0.3,""trailing_drawdown"":0.15}","{""_execution"":{""additional_fee_usd_each_fill"":0.0,""buy_slippage_bps"":400,""min_pool_liquidity_usd"":1000.0,""sell_slippage_bps"":400},""execution_profile"":""dexscreener-market-paper/v2-before-after"",""notional_usd"":5.0}"
watched_wallet_confirmed_entry_control_v1,watched_wallet_confirmed_entry_control_v1,206,frozen_map,2026-09-06T15:29:28.508111Z,active_with_buy,different_entry_same_exit,6a09f2a524a9ad54,1,4ba78499fc3a4a14,1,forward_pattern_isolated,wallet_confirmed_broad_opportunity,capital_exit_existing_v1,0dd6b903e6dd3070,1c72b6baf06ad0cd,ef6af75af2fe215f,,43,43,43,279,279,236,236,0,"{""dispatch"":{""contract"":null,""control"":null,""direction"":""wallet_confirmed_broad_opportunity"",""mode"":""isolated_pattern_observer"",""path"":""forward_pattern_isolated""},""fields"":{""entry_contract"":""strict_forward_asof_v1"",""entry_family"":""wallet_confirmed_broad_opportunity"",""entry_filter"":{""direction"":""wallet_confirmed_broad_opportunity"",""paired_entry_kind"":""watched_wallet_confirmed_entry_s06"",""required_market_surface"":""solana_pumpswap""},""entry_gate"":""same_opportunity_immediate_control"",""entry_match_mode"":""isolated_pattern_observer"",""no_historical_backfill"":true,""paired_opportunity_group"":""watched_wallet_confirmed_entry_s06"",""required_inputs"":[""broad_launch"",""participation_scan""],""wallet_entry_policy"":{""ttl_seconds"":600.0,""version"":""watched-wallet-confirmed-entry/v1""},""wallet_entry_role"":""control""}}","{""capital_exit_policy"":{},""capital_experiment"":false,""exit_family"":""capital_exit_existing_v1"",""hard_stop_return"":-0.2,""max_hold_minutes"":15.0,""take_profit"":[],""trailing_activate_return"":0.3,""trailing_drawdown"":0.15}","{""_execution"":{""additional_fee_usd_each_fill"":0.0,""buy_slippage_bps"":400,""min_pool_liquidity_usd"":1000.0,""sell_slippage_bps"":400},""execution_profile"":""dexscreener-market-paper/v2-before-after"",""notional_usd"":5.0}"
finalist_boundary_retest_v1,finalist_boundary_retest_v1,207,frozen_map,2026-09-06T17:48:55.073054Z,active_with_buy,different_entry_same_exit,d80987b97ed0d3dc,1,7e10a441cf231014,1,forward_pattern_isolated,boundary_retest,pattern_cost_scaleout,6299522e9c1418f5,8bc35cd9c5e5742e,ef6af75af2fe215f,,0,0,0,7,7,7,7,0,"{""dispatch"":{""contract"":""all-history-finalists/20260907-v1"",""control"":false,""direction"":""boundary_retest"",""mode"":""isolated_pattern_observer"",""path"":""forward_pattern_isolated""},""fields"":{""entry_family"":""boundary_retest"",""entry_filter"":{""contract"":""all-history-finalists/20260907-v1"",""control"":false,""direction"":""boundary_retest"",""max_concurrent_positions"":4,""max_gap_seconds"":60,""occupied_signal_policy"":""reject_without_queue_or_replay""},""entry_gate"":""bounded_pattern_observer_v1"",""entry_match_mode"":""isolated_pattern_observer"",""no_historical_backfill"":true,""require_post_decision_observation"":true}}","{""exact_risk_alerts"":""shadow_only_no_trading_authority"",""exit_family"":""pattern_cost_scaleout"",""exit_mode"":""market_mark_pattern_scaleout"",""hard_stop_return"":-0.2,""max_hold_minutes"":30.0,""take_profit"":[{""fraction_of_remaining"":0.5,""return"":0.3},{""fraction_of_remaining"":1.0,""return"":0.8}],""trailing_activate_return"":0.3,""trailing_drawdown"":0.15}","{""_execution"":{""additional_fee_usd_each_fill"":0.0,""buy_slippage_bps"":400,""min_pool_liquidity_usd"":1000.0,""sell_slippage_bps"":400},""execution_profile"":""dexscreener-market-paper/v2-before-after"",""notional_usd"":5.0}"
finalist_seller_absorption_v1,finalist_seller_absorption_v1,208,frozen_map,2026-09-06T17:48:55.073054Z,active_with_buy,different_entry_same_exit,0e127ba0a7b78e09,1,9b7063f7871ec104,1,forward_pattern_isolated,seller_absorption,pattern_cost_scaleout,4a2ed6a72c0d2494,8bc35cd9c5e5742e,ef6af75af2fe215f,,0,0,0,6,6,6,6,0,"{""dispatch"":{""contract"":""all-history-finalists/20260907-v1"",""control"":false,""direction"":""seller_absorption"",""mode"":""isolated_pattern_observer"",""path"":""forward_pattern_isolated""},""fields"":{""entry_family"":""seller_absorption"",""entry_filter"":{""contract"":""all-history-finalists/20260907-v1"",""control"":false,""direction"":""seller_absorption"",""max_concurrent_positions"":4,""max_gap_seconds"":60,""occupied_signal_policy"":""reject_without_queue_or_replay""},""entry_gate"":""bounded_pattern_observer_v1"",""entry_match_mode"":""isolated_pattern_observer"",""no_historical_backfill"":true,""require_post_decision_observation"":true}}","{""exact_risk_alerts"":""shadow_only_no_trading_authority"",""exit_family"":""pattern_cost_scaleout"",""exit_mode"":""market_mark_pattern_scaleout"",""hard_stop_return"":-0.2,""max_hold_minutes"":30.0,""take_profit"":[{""fraction_of_remaining"":0.5,""return"":0.3},{""fraction_of_remaining"":1.0,""return"":0.8}],""trailing_activate_return"":0.3,""trailing_drawdown"":0.15}","{""_execution"":{""additional_fee_usd_each_fill"":0.0,""buy_slippage_bps"":400,""min_pool_liquidity_usd"":1000.0,""sell_slippage_bps"":400},""execution_profile"":""dexscreener-market-paper/v2-before-after"",""notional_usd"":5.0}"
finalist_price_then_depth_v1,finalist_price_then_depth_v1,209,frozen_map,2026-09-06T17:48:55.073054Z,dormant_coverage_unknown,different_entry_same_exit,f18954a8a1c724be,1,940d9b966939a8c5,1,forward_pattern_isolated,price_then_depth,pattern_cost_scaleout,442e3737ec0331cf,8bc35cd9c5e5742e,ef6af75af2fe215f,,0,0,0,0,0,0,0,0,"{""dispatch"":{""contract"":""all-history-finalists/20260907-v1"",""control"":false,""direction"":""price_then_depth"",""mode"":""isolated_pattern_observer"",""path"":""forward_pattern_isolated""},""fields"":{""entry_family"":""price_then_depth"",""entry_filter"":{""contract"":""all-history-finalists/20260907-v1"",""control"":false,""direction"":""price_then_depth"",""max_concurrent_positions"":4,""max_gap_seconds"":60,""occupied_signal_policy"":""reject_without_queue_or_replay""},""entry_gate"":""bounded_pattern_observer_v1"",""entry_match_mode"":""isolated_pattern_observer"",""no_historical_backfill"":true,""require_post_decision_observation"":true}}","{""exact_risk_alerts"":""shadow_only_no_trading_authority"",""exit_family"":""pattern_cost_scaleout"",""exit_mode"":""market_mark_pattern_scaleout"",""hard_stop_return"":-0.2,""max_hold_minutes"":30.0,""take_profit"":[{""fraction_of_remaining"":0.5,""return"":0.3},{""fraction_of_remaining"":1.0,""return"":0.8}],""trailing_activate_return"":0.3,""trailing_drawdown"":0.15}","{""_execution"":{""additional_fee_usd_each_fill"":0.0,""buy_slippage_bps"":400,""min_pool_liquidity_usd"":1000.0,""sell_slippage_bps"":400},""execution_profile"":""dexscreener-market-paper/v2-before-after"",""notional_usd"":5.0}"
finalist_baseline_v1,finalist_baseline_v1,210,frozen_map,2026-09-06T17:48:55.073054Z,active_with_buy,same_entry_different_exit,bca6bd5a39567563,1,384465d4178b8dae,1,forward_pattern_isolated,conditional_runner,pattern_cost_scaleout,7bddf52166c6cd9b,27e3095214c07da1,ef6af75af2fe215f,,0,0,0,264,264,264,264,0,"{""dispatch"":{""contract"":""forward-patterns/v1"",""control"":false,""direction"":""conditional_runner"",""mode"":""isolated_pattern_observer"",""path"":""forward_pattern_isolated""},""fields"":{""entry_family"":""conditional_runner"",""entry_filter"":{""contract"":""forward-patterns/v1"",""control"":false,""direction"":""conditional_runner"",""max_concurrent_positions"":4,""max_gap_seconds"":60,""occupied_signal_policy"":""reject_without_queue_or_replay""},""entry_gate"":""bounded_pattern_observer_v1"",""entry_match_mode"":""isolated_pattern_observer"",""no_historical_backfill"":true,""paired_entry_group"":""finalist_exit_matched_v1"",""paired_entry_size"":5,""require_post_decision_observation"":true}}","{""exact_risk_alerts"":""shadow_only_no_trading_authority"",""exit_family"":""pattern_cost_scaleout"",""exit_mode"":""market_mark_pattern_scaleout"",""hard_stop_return"":-0.2,""max_hold_minutes"":30.0,""take_profit"":[],""trailing_activate_return"":0.3,""trailing_drawdown"":0.15}","{""_execution"":{""additional_fee_usd_each_fill"":0.0,""buy_slippage_bps"":400,""min_pool_liquidity_usd"":1000.0,""sell_slippage_bps"":400},""execution_profile"":""dexscreener-market-paper/v2-before-after"",""notional_usd"":5.0}"
finalist_profit_budget_v1,finalist_profit_budget_v1,211,frozen_map,2026-09-06T17:48:55.073054Z,active_with_buy,same_entry_different_exit,2cf2a3e11b2cd943,1,458a358e70b23dde,1,forward_pattern_isolated,conditional_runner,pattern_cost_scaleout,7bddf52166c6cd9b,86365f6535b62b8d,ef6af75af2fe215f,,0,0,0,264,264,264,264,0,"{""dispatch"":{""contract"":""forward-patterns/v1"",""control"":false,""direction"":""conditional_runner"",""mode"":""isolated_pattern_observer"",""path"":""forward_pattern_isolated""},""fields"":{""entry_family"":""conditional_runner"",""entry_filter"":{""contract"":""forward-patterns/v1"",""control"":false,""direction"":""conditional_runner"",""max_concurrent_positions"":4,""max_gap_seconds"":60,""occupied_signal_policy"":""reject_without_queue_or_replay""},""entry_gate"":""bounded_pattern_observer_v1"",""entry_match_mode"":""isolated_pattern_observer"",""no_historical_backfill"":true,""paired_entry_group"":""finalist_exit_matched_v1"",""paired_entry_size"":5,""require_post_decision_observation"":true}}","{""capital_exit_kind"":""finalist_profit_budget"",""capital_exit_policy"":{""kind"":""finalist_profit_budget"",""maximum_frame_age_seconds"":15,""maximum_gap_seconds"":60,""minimum_span_seconds"":5,""no_progress_seconds"":180,""profit_arm_fraction"":0.2,""profit_retrace_fraction"":0.5,""progress_fraction"":0.01,""version"":""all-history-finalists/20260907-v1/profit_budget""},""exact_risk_alerts"":""shadow_only_no_trading_authority"",""exit_family"":""pattern_cost_scaleout"",""exit_mode"":""market_mark_pattern_scaleout"",""hard_stop_return"":-0.2,""max_hold_minutes"":30.0,""take_profit"":[],""trailing_activate_return"":0.3,""trailing_drawdown"":0.15}","{""_execution"":{""additional_fee_usd_each_fill"":0.0,""buy_slippage_bps"":400,""min_pool_liquidity_usd"":1000.0,""sell_slippage_bps"":400},""execution_profile"":""dexscreener-market-paper/v2-before-after"",""notional_usd"":5.0}"
finalist_progress_clock_v1,finalist_progress_clock_v1,212,frozen_map,2026-09-06T17:48:55.073054Z,active_with_buy,same_entry_different_exit,6123926bd1a68c5d,1,8545204977205a19,1,forward_pattern_isolated,conditional_runner,pattern_cost_scaleout,7bddf52166c6cd9b,7d46f7caf09b3141,ef6af75af2fe215f,,0,0,0,264,264,264,264,0,"{""dispatch"":{""contract"":""forward-patterns/v1"",""control"":false,""direction"":""conditional_runner"",""mode"":""isolated_pattern_observer"",""path"":""forward_pattern_isolated""},""fields"":{""entry_family"":""conditional_runner"",""entry_filter"":{""contract"":""forward-patterns/v1"",""control"":false,""direction"":""conditional_runner"",""max_concurrent_positions"":4,""max_gap_seconds"":60,""occupied_signal_policy"":""reject_without_queue_or_replay""},""entry_gate"":""bounded_pattern_observer_v1"",""entry_match_mode"":""isolated_pattern_observer"",""no_historical_backfill"":true,""paired_entry_group"":""finalist_exit_matched_v1"",""paired_entry_size"":5,""require_post_decision_observation"":true}}","{""capital_exit_kind"":""finalist_progress_clock"",""capital_exit_policy"":{""kind"":""finalist_progress_clock"",""maximum_frame_age_seconds"":15,""maximum_gap_seconds"":60,""minimum_span_seconds"":5,""no_progress_seconds"":180,""profit_arm_fraction"":0.2,""profit_retrace_fraction"":0.5,""progress_fraction"":0.01,""version"":""all-history-finalists/20260907-v1/progress_clock""},""exact_risk_alerts"":""shadow_only_no_trading_authority"",""exit_family"":""pattern_cost_scaleout"",""exit_mode"":""market_mark_pattern_scaleout"",""hard_stop_return"":-0.2,""max_hold_minutes"":30.0,""take_profit"":[],""trailing_activate_return"":0.3,""trailing_drawdown"":0.15}","{""_execution"":{""additional_fee_usd_each_fill"":0.0,""buy_slippage_bps"":400,""min_pool_liquidity_usd"":1000.0,""sell_slippage_bps"":400},""execution_profile"":""dexscreener-market-paper/v2-before-after"",""notional_usd"":5.0}"
finalist_depth_divergence_v1,finalist_depth_divergence_v1,213,frozen_map,2026-09-06T17:48:55.073054Z,active_with_buy,same_entry_different_exit,b63f4eefb052b216,1,32f34d37a405fd00,1,forward_pattern_isolated,conditional_runner,pattern_cost_scaleout,7bddf52166c6cd9b,e4ba8394a8c99b99,ef6af75af2fe215f,,0,0,0,264,264,264,264,0,"{""dispatch"":{""contract"":""forward-patterns/v1"",""control"":false,""direction"":""conditional_runner"",""mode"":""isolated_pattern_observer"",""path"":""forward_pattern_isolated""},""fields"":{""entry_family"":""conditional_runner"",""entry_filter"":{""contract"":""forward-patterns/v1"",""control"":false,""direction"":""conditional_runner"",""max_concurrent_positions"":4,""max_gap_seconds"":60,""occupied_signal_policy"":""reject_without_queue_or_replay""},""entry_gate"":""bounded_pattern_observer_v1"",""entry_match_mode"":""isolated_pattern_observer"",""no_historical_backfill"":true,""paired_entry_group"":""finalist_exit_matched_v1"",""paired_entry_size"":5,""require_post_decision_observation"":true}}","{""capital_exit_kind"":""finalist_depth_divergence"",""capital_exit_policy"":{""kind"":""finalist_depth_divergence"",""maximum_frame_age_seconds"":15,""maximum_gap_seconds"":60,""minimum_span_seconds"":5,""no_progress_seconds"":180,""profit_arm_fraction"":0.2,""profit_retrace_fraction"":0.5,""progress_fraction"":0.01,""version"":""all-history-finalists/20260907-v1/depth_divergence""},""exact_risk_alerts"":""shadow_only_no_trading_authority"",""exit_family"":""pattern_cost_scaleout"",""exit_mode"":""market_mark_pattern_scaleout"",""hard_stop_return"":-0.2,""max_hold_minutes"":30.0,""take_profit"":[],""trailing_activate_return"":0.3,""trailing_drawdown"":0.15}","{""_execution"":{""additional_fee_usd_each_fill"":0.0,""buy_slippage_bps"":400,""min_pool_liquidity_usd"":1000.0,""sell_slippage_bps"":400},""execution_profile"":""dexscreener-market-paper/v2-before-after"",""notional_usd"":5.0}"
finalist_activity_failure_v1,finalist_activity_failure_v1,214,frozen_map,2026-09-06T17:48:55.073054Z,active_with_buy,same_entry_different_exit,00c31cdcf10b4710,1,81b2d758802168a0,1,forward_pattern_isolated,conditional_runner,pattern_cost_scaleout,7bddf52166c6cd9b,8f487f24bbd07f5f,ef6af75af2fe215f,,0,0,0,264,264,264,264,0,"{""dispatch"":{""contract"":""forward-patterns/v1"",""control"":false,""direction"":""conditional_runner"",""mode"":""isolated_pattern_observer"",""path"":""forward_pattern_isolated""},""fields"":{""entry_family"":""conditional_runner"",""entry_filter"":{""contract"":""forward-patterns/v1"",""control"":false,""direction"":""conditional_runner"",""max_concurrent_positions"":4,""max_gap_seconds"":60,""occupied_signal_policy"":""reject_without_queue_or_replay""},""entry_gate"":""bounded_pattern_observer_v1"",""entry_match_mode"":""isolated_pattern_observer"",""no_historical_backfill"":true,""paired_entry_group"":""finalist_exit_matched_v1"",""paired_entry_size"":5,""require_post_decision_observation"":true}}","{""capital_exit_kind"":""finalist_activity_failure"",""capital_exit_policy"":{""kind"":""finalist_activity_failure"",""maximum_frame_age_seconds"":15,""maximum_gap_seconds"":60,""minimum_span_seconds"":5,""no_progress_seconds"":180,""profit_arm_fraction"":0.2,""profit_retrace_fraction"":0.5,""progress_fraction"":0.01,""version"":""all-history-finalists/20260907-v1/activity_failure""},""exact_risk_alerts"":""shadow_only_no_trading_authority"",""exit_family"":""pattern_cost_scaleout"",""exit_mode"":""market_mark_pattern_scaleout"",""hard_stop_return"":-0.2,""max_hold_minutes"":30.0,""take_profit"":[],""trailing_activate_return"":0.3,""trailing_drawdown"":0.15}","{""_execution"":{""additional_fee_usd_each_fill"":0.0,""buy_slippage_bps"":400,""min_pool_liquidity_usd"":1000.0,""sell_slippage_bps"":400},""execution_profile"":""dexscreener-market-paper/v2-before-after"",""notional_usd"":5.0}"
round2_chase_control_v1,round2_chase_control_v1,215,frozen_map,2026-09-06T19:51:52.750975Z,active_with_buy,different_entry_same_exit,bca6bd5a39567563,1,3c8f92ddd028b70f,2,forward_pattern_isolated,conditional_runner,pattern_cost_scaleout,a6cf81756dfee00a,27e3095214c07da1,ef6af75af2fe215f,,0,0,0,231,231,231,231,0,"{""dispatch"":{""contract"":""forward-patterns/v1"",""control"":false,""direction"":""conditional_runner"",""mode"":""isolated_pattern_observer"",""path"":""forward_pattern_isolated""},""fields"":{""entry_family"":""conditional_runner"",""entry_filter"":{""contract"":""forward-patterns/v1"",""control"":false,""direction"":""conditional_runner"",""max_concurrent_positions"":4,""max_gap_seconds"":60,""occupied_signal_policy"":""reject_without_queue_or_replay""},""entry_gate"":""bounded_pattern_observer_v1"",""entry_match_mode"":""isolated_pattern_observer"",""no_historical_backfill"":true,""paired_entry_group"":""round2_chase"",""paired_entry_size"":2,""require_post_decision_observation"":true}}","{""exact_risk_alerts"":""shadow_only_no_trading_authority"",""exit_family"":""pattern_cost_scaleout"",""exit_mode"":""market_mark_pattern_scaleout"",""hard_stop_return"":-0.2,""max_hold_minutes"":30.0,""take_profit"":[],""trailing_activate_return"":0.3,""trailing_drawdown"":0.15}","{""_execution"":{""additional_fee_usd_each_fill"":0.0,""buy_slippage_bps"":400,""min_pool_liquidity_usd"":1000.0,""sell_slippage_bps"":400},""execution_profile"":""dexscreener-market-paper/v2-before-after"",""notional_usd"":5.0}"
round2_chase_candidate_v1,round2_chase_candidate_v1,216,frozen_map,2026-09-06T19:51:52.750975Z,active_with_buy,different_entry_same_exit,56971cfe85ebd6ab,1,3c8f92ddd028b70f,2,forward_pattern_isolated,conditional_runner,pattern_cost_scaleout,a6cf81756dfee00a,27e3095214c07da1,ef6af75af2fe215f,,0,0,0,189,189,189,189,0,"{""dispatch"":{""contract"":""forward-patterns/v1"",""control"":false,""direction"":""conditional_runner"",""mode"":""isolated_pattern_observer"",""path"":""forward_pattern_isolated""},""fields"":{""entry_family"":""conditional_runner"",""entry_filter"":{""contract"":""forward-patterns/v1"",""control"":false,""direction"":""conditional_runner"",""max_concurrent_positions"":4,""max_gap_seconds"":60,""occupied_signal_policy"":""reject_without_queue_or_replay""},""entry_gate"":""bounded_pattern_observer_v1"",""entry_match_mode"":""isolated_pattern_observer"",""no_historical_backfill"":true,""paired_entry_group"":""round2_chase"",""paired_entry_size"":2,""require_post_decision_observation"":true}}","{""exact_risk_alerts"":""shadow_only_no_trading_authority"",""exit_family"":""pattern_cost_scaleout"",""exit_mode"":""market_mark_pattern_scaleout"",""hard_stop_return"":-0.2,""max_hold_minutes"":30.0,""take_profit"":[],""trailing_activate_return"":0.3,""trailing_drawdown"":0.15}","{""_execution"":{""additional_fee_usd_each_fill"":0.0,""buy_slippage_bps"":400,""min_pool_liquidity_usd"":1000.0,""sell_slippage_bps"":400},""execution_profile"":""dexscreener-market-paper/v2-before-after"",""notional_usd"":5.0}"
round2_slow_grace_control_v1,round2_slow_grace_control_v1,217,frozen_map,2026-09-06T19:51:52.750975Z,active_with_buy,same_entry_different_exit,6123926bd1a68c5d,1,30a90f129a4eda5e,1,forward_pattern_isolated,conditional_runner,pattern_cost_scaleout,ce15c916d08434d5,7d46f7caf09b3141,ef6af75af2fe215f,,0,0,0,304,304,304,304,0,"{""dispatch"":{""contract"":""forward-patterns/v1"",""control"":false,""direction"":""conditional_runner"",""mode"":""isolated_pattern_observer"",""path"":""forward_pattern_isolated""},""fields"":{""entry_family"":""conditional_runner"",""entry_filter"":{""contract"":""forward-patterns/v1"",""control"":false,""direction"":""conditional_runner"",""max_concurrent_positions"":4,""max_gap_seconds"":60,""occupied_signal_policy"":""reject_without_queue_or_replay""},""entry_gate"":""bounded_pattern_observer_v1"",""entry_match_mode"":""isolated_pattern_observer"",""no_historical_backfill"":true,""paired_entry_group"":""round2_slow_grace"",""paired_entry_size"":2,""require_post_decision_observation"":true}}","{""capital_exit_kind"":""finalist_progress_clock"",""capital_exit_policy"":{""kind"":""finalist_progress_clock"",""maximum_frame_age_seconds"":15,""maximum_gap_seconds"":60,""minimum_span_seconds"":5,""no_progress_seconds"":180,""profit_arm_fraction"":0.2,""profit_retrace_fraction"":0.5,""progress_fraction"":0.01,""version"":""all-history-finalists/20260907-v1/progress_clock""},""exact_risk_alerts"":""shadow_only_no_trading_authority"",""exit_family"":""pattern_cost_scaleout"",""exit_mode"":""market_mark_pattern_scaleout"",""hard_stop_return"":-0.2,""max_hold_minutes"":30.0,""take_profit"":[],""trailing_activate_return"":0.3,""trailing_drawdown"":0.15}","{""_execution"":{""additional_fee_usd_each_fill"":0.0,""buy_slippage_bps"":400,""min_pool_liquidity_usd"":1000.0,""sell_slippage_bps"":400},""execution_profile"":""dexscreener-market-paper/v2-before-after"",""notional_usd"":5.0}"
round2_slow_grace_candidate_v1,round2_slow_grace_candidate_v1,218,frozen_map,2026-09-06T19:51:52.750975Z,active_with_buy,same_entry_different_exit,0a0ce8c045195e70,1,3fe07ae2ac387297,1,forward_pattern_isolated,conditional_runner,pattern_cost_scaleout,ce15c916d08434d5,a9c7794ea97e356a,ef6af75af2fe215f,,0,0,0,304,304,304,304,0,"{""dispatch"":{""contract"":""forward-patterns/v1"",""control"":false,""direction"":""conditional_runner"",""mode"":""isolated_pattern_observer"",""path"":""forward_pattern_isolated""},""fields"":{""entry_family"":""conditional_runner"",""entry_filter"":{""contract"":""forward-patterns/v1"",""control"":false,""direction"":""conditional_runner"",""max_concurrent_positions"":4,""max_gap_seconds"":60,""occupied_signal_policy"":""reject_without_queue_or_replay""},""entry_gate"":""bounded_pattern_observer_v1"",""entry_match_mode"":""isolated_pattern_observer"",""no_historical_backfill"":true,""paired_entry_group"":""round2_slow_grace"",""paired_entry_size"":2,""require_post_decision_observation"":true}}","{""capital_exit_kind"":""round2_slow_grace"",""capital_exit_policy"":{""giveback_seconds"":120,""grace_seconds"":120,""kind"":""round2_slow_grace"",""liquidity_retention"":0.85,""maximum_frame_age_seconds"":15,""maximum_gap_seconds"":60,""minimum_response_move"":0.01,""minimum_span_seconds"":5,""no_progress_seconds"":180,""profit_arm_fraction"":0.2,""profit_retrace_fraction"":0.5,""progress_fraction"":0.01,""response_fraction"":0.1,""runner_seconds"":180,""version"":""open-mechanisms/20260907-v1/slow_grace""},""exact_risk_alerts"":""shadow_only_no_trading_authority"",""exit_family"":""pattern_cost_scaleout"",""exit_mode"":""market_mark_pattern_scaleout"",""hard_stop_return"":-0.2,""max_hold_minutes"":30.0,""take_profit"":[],""trailing_activate_return"":0.3,""trailing_drawdown"":0.15}","{""_execution"":{""additional_fee_usd_each_fill"":0.0,""buy_slippage_bps"":400,""min_pool_liquidity_usd"":1000.0,""sell_slippage_bps"":400},""execution_profile"":""dexscreener-market-paper/v2-before-after"",""notional_usd"":5.0}"
round2_giveback_duration_control_v1,round2_giveback_duration_control_v1,219,frozen_map,2026-09-06T19:51:52.750975Z,active_with_buy,same_entry_different_exit,2cf2a3e11b2cd943,1,1201dfb0684b281c,1,forward_pattern_isolated,conditional_runner,pattern_cost_scaleout,f9153987b619a009,86365f6535b62b8d,ef6af75af2fe215f,,0,0,0,236,236,236,236,0,"{""dispatch"":{""contract"":""forward-patterns/v1"",""control"":false,""direction"":""conditional_runner"",""mode"":""isolated_pattern_observer"",""path"":""forward_pattern_isolated""},""fields"":{""entry_family"":""conditional_runner"",""entry_filter"":{""contract"":""forward-patterns/v1"",""control"":false,""direction"":""conditional_runner"",""max_concurrent_positions"":4,""max_gap_seconds"":60,""occupied_signal_policy"":""reject_without_queue_or_replay""},""entry_gate"":""bounded_pattern_observer_v1"",""entry_match_mode"":""isolated_pattern_observer"",""no_historical_backfill"":true,""paired_entry_group"":""round2_giveback_duration"",""paired_entry_size"":2,""require_post_decision_observation"":true}}","{""capital_exit_kind"":""finalist_profit_budget"",""capital_exit_policy"":{""kind"":""finalist_profit_budget"",""maximum_frame_age_seconds"":15,""maximum_gap_seconds"":60,""minimum_span_seconds"":5,""no_progress_seconds"":180,""profit_arm_fraction"":0.2,""profit_retrace_fraction"":0.5,""progress_fraction"":0.01,""version"":""all-history-finalists/20260907-v1/profit_budget""},""exact_risk_alerts"":""shadow_only_no_trading_authority"",""exit_family"":""pattern_cost_scaleout"",""exit_mode"":""market_mark_pattern_scaleout"",""hard_stop_return"":-0.2,""max_hold_minutes"":30.0,""take_profit"":[],""trailing_activate_return"":0.3,""trailing_drawdown"":0.15}","{""_execution"":{""additional_fee_usd_each_fill"":0.0,""buy_slippage_bps"":400,""min_pool_liquidity_usd"":1000.0,""sell_slippage_bps"":400},""execution_profile"":""dexscreener-market-paper/v2-before-after"",""notional_usd"":5.0}"
round2_giveback_duration_candidate_v1,round2_giveback_duration_candidate_v1,220,frozen_map,2026-09-06T19:51:52.750975Z,active_with_buy,same_entry_different_exit,97837044302d28b9,1,550c5a0dd38f9b44,1,forward_pattern_isolated,conditional_runner,pattern_cost_scaleout,f9153987b619a009,90e50627dabf7e12,ef6af75af2fe215f,,0,0,0,236,236,236,236,0,"{""dispatch"":{""contract"":""forward-patterns/v1"",""control"":false,""direction"":""conditional_runner"",""mode"":""isolated_pattern_observer"",""path"":""forward_pattern_isolated""},""fields"":{""entry_family"":""conditional_runner"",""entry_filter"":{""contract"":""forward-patterns/v1"",""control"":false,""direction"":""conditional_runner"",""max_concurrent_positions"":4,""max_gap_seconds"":60,""occupied_signal_policy"":""reject_without_queue_or_replay""},""entry_gate"":""bounded_pattern_observer_v1"",""entry_match_mode"":""isolated_pattern_observer"",""no_historical_backfill"":true,""paired_entry_group"":""round2_giveback_duration"",""paired_entry_size"":2,""require_post_decision_observation"":true}}","{""capital_exit_kind"":""round2_giveback_duration"",""capital_exit_policy"":{""giveback_seconds"":120,""grace_seconds"":120,""kind"":""round2_giveback_duration"",""liquidity_retention"":0.85,""maximum_frame_age_seconds"":15,""maximum_gap_seconds"":60,""minimum_response_move"":0.01,""minimum_span_seconds"":5,""no_progress_seconds"":180,""profit_arm_fraction"":0.2,""profit_retrace_fraction"":0.5,""progress_fraction"":0.01,""response_fraction"":0.1,""runner_seconds"":180,""version"":""open-mechanisms/20260907-v1/giveback_duration""},""exact_risk_alerts"":""shadow_only_no_trading_authority"",""exit_family"":""pattern_cost_scaleout"",""exit_mode"":""market_mark_pattern_scaleout"",""hard_stop_return"":-0.2,""max_hold_minutes"":30.0,""take_profit"":[],""trailing_activate_return"":0.3,""trailing_drawdown"":0.15}","{""_execution"":{""additional_fee_usd_each_fill"":0.0,""buy_slippage_bps"":400,""min_pool_liquidity_usd"":1000.0,""sell_slippage_bps"":400},""execution_profile"":""dexscreener-market-paper/v2-before-after"",""notional_usd"":5.0}"
round2_response_exhaustion_control_v1,round2_response_exhaustion_control_v1,221,frozen_map,2026-09-06T19:51:52.750975Z,active_with_buy,same_entry_different_exit,bca6bd5a39567563,1,88f34dfa744cacb6,1,forward_pattern_isolated,conditional_runner,pattern_cost_scaleout,70b67ba0f631cea1,27e3095214c07da1,ef6af75af2fe215f,,0,0,0,231,231,231,231,0,"{""dispatch"":{""contract"":""forward-patterns/v1"",""control"":false,""direction"":""conditional_runner"",""mode"":""isolated_pattern_observer"",""path"":""forward_pattern_isolated""},""fields"":{""entry_family"":""conditional_runner"",""entry_filter"":{""contract"":""forward-patterns/v1"",""control"":false,""direction"":""conditional_runner"",""max_concurrent_positions"":4,""max_gap_seconds"":60,""occupied_signal_policy"":""reject_without_queue_or_replay""},""entry_gate"":""bounded_pattern_observer_v1"",""entry_match_mode"":""isolated_pattern_observer"",""no_historical_backfill"":true,""paired_entry_group"":""round2_response_exhaustion"",""paired_entry_size"":2,""require_post_decision_observation"":true}}","{""exact_risk_alerts"":""shadow_only_no_trading_authority"",""exit_family"":""pattern_cost_scaleout"",""exit_mode"":""market_mark_pattern_scaleout"",""hard_stop_return"":-0.2,""max_hold_minutes"":30.0,""take_profit"":[],""trailing_activate_return"":0.3,""trailing_drawdown"":0.15}","{""_execution"":{""additional_fee_usd_each_fill"":0.0,""buy_slippage_bps"":400,""min_pool_liquidity_usd"":1000.0,""sell_slippage_bps"":400},""execution_profile"":""dexscreener-market-paper/v2-before-after"",""notional_usd"":5.0}"
round2_response_exhaustion_candidate_v1,round2_response_exhaustion_candidate_v1,222,frozen_map,2026-09-06T19:51:52.750975Z,active_with_buy,same_entry_different_exit,a8fd782c9930bc77,1,7034ecd89ae759b8,1,forward_pattern_isolated,conditional_runner,pattern_cost_scaleout,70b67ba0f631cea1,b75defc77f15ddd1,ef6af75af2fe215f,,0,0,0,231,231,231,231,0,"{""dispatch"":{""contract"":""forward-patterns/v1"",""control"":false,""direction"":""conditional_runner"",""mode"":""isolated_pattern_observer"",""path"":""forward_pattern_isolated""},""fields"":{""entry_family"":""conditional_runner"",""entry_filter"":{""contract"":""forward-patterns/v1"",""control"":false,""direction"":""conditional_runner"",""max_concurrent_positions"":4,""max_gap_seconds"":60,""occupied_signal_policy"":""reject_without_queue_or_replay""},""entry_gate"":""bounded_pattern_observer_v1"",""entry_match_mode"":""isolated_pattern_observer"",""no_historical_backfill"":true,""paired_entry_group"":""round2_response_exhaustion"",""paired_entry_size"":2,""require_post_decision_observation"":true}}","{""capital_exit_kind"":""round2_response_exhaustion"",""capital_exit_policy"":{""giveback_seconds"":120,""grace_seconds"":120,""kind"":""round2_response_exhaustion"",""liquidity_retention"":0.85,""maximum_frame_age_seconds"":15,""maximum_gap_seconds"":60,""minimum_response_move"":0.01,""minimum_span_seconds"":5,""no_progress_seconds"":180,""profit_arm_fraction"":0.2,""profit_retrace_fraction"":0.5,""progress_fraction"":0.01,""response_fraction"":0.1,""runner_seconds"":180,""version"":""open-mechanisms/20260907-v1/response_exhaustion""},""exact_risk_alerts"":""shadow_only_no_trading_authority"",""exit_family"":""pattern_cost_scaleout"",""exit_mode"":""market_mark_pattern_scaleout"",""hard_stop_return"":-0.2,""max_hold_minutes"":30.0,""take_profit"":[],""trailing_activate_return"":0.3,""trailing_drawdown"":0.15}","{""_execution"":{""additional_fee_usd_each_fill"":0.0,""buy_slippage_bps"":400,""min_pool_liquidity_usd"":1000.0,""sell_slippage_bps"":400},""execution_profile"":""dexscreener-market-paper/v2-before-after"",""notional_usd"":5.0}"
round2_runner_requalification_control_v1,round2_runner_requalification_control_v1,223,frozen_map,2026-09-06T19:51:52.750975Z,active_with_buy,same_entry_different_exit,e803faea38a3ea57,1,f338ce34bb89b1ad,1,forward_pattern_isolated,conditional_runner,pattern_cost_scaleout,5284b981cf675b33,782b5c375ffb84f3,ef6af75af2fe215f,,0,0,0,230,230,230,230,0,"{""dispatch"":{""contract"":""forward-patterns/v1"",""control"":false,""direction"":""conditional_runner"",""mode"":""isolated_pattern_observer"",""path"":""forward_pattern_isolated""},""fields"":{""entry_family"":""conditional_runner"",""entry_filter"":{""contract"":""forward-patterns/v1"",""control"":false,""direction"":""conditional_runner"",""max_concurrent_positions"":4,""max_gap_seconds"":60,""occupied_signal_policy"":""reject_without_queue_or_replay""},""entry_gate"":""bounded_pattern_observer_v1"",""entry_match_mode"":""isolated_pattern_observer"",""no_historical_backfill"":true,""paired_entry_group"":""round2_runner_requalification"",""paired_entry_size"":2,""require_post_decision_observation"":true}}","{""exact_risk_alerts"":""shadow_only_no_trading_authority"",""exit_family"":""pattern_cost_scaleout"",""exit_mode"":""market_mark_pattern_scaleout"",""hard_stop_return"":-0.2,""max_hold_minutes"":30.0,""runner_epoch_after_partial"":true,""take_profit"":[{""fraction_of_remaining"":0.5,""return"":0.3}],""trailing_activate_return"":0.3,""trailing_drawdown"":0.15}","{""_execution"":{""additional_fee_usd_each_fill"":0.0,""buy_slippage_bps"":400,""min_pool_liquidity_usd"":1000.0,""sell_slippage_bps"":400},""execution_profile"":""dexscreener-market-paper/v2-before-after"",""notional_usd"":5.0}"
round2_runner_requalification_candidate_v1,round2_runner_requalification_candidate_v1,224,frozen_map,2026-09-06T19:51:52.750975Z,active_with_buy,same_entry_different_exit,29a33c4087f9eb8f,1,bea49e4ebcc6b9b6,1,forward_pattern_isolated,conditional_runner,pattern_cost_scaleout,5284b981cf675b33,5f8c5f177a30ab75,ef6af75af2fe215f,,0,0,0,230,230,230,230,0,"{""dispatch"":{""contract"":""forward-patterns/v1"",""control"":false,""direction"":""conditional_runner"",""mode"":""isolated_pattern_observer"",""path"":""forward_pattern_isolated""},""fields"":{""entry_family"":""conditional_runner"",""entry_filter"":{""contract"":""forward-patterns/v1"",""control"":false,""direction"":""conditional_runner"",""max_concurrent_positions"":4,""max_gap_seconds"":60,""occupied_signal_policy"":""reject_without_queue_or_replay""},""entry_gate"":""bounded_pattern_observer_v1"",""entry_match_mode"":""isolated_pattern_observer"",""no_historical_backfill"":true,""paired_entry_group"":""round2_runner_requalification"",""paired_entry_size"":2,""require_post_decision_observation"":true}}","{""capital_exit_kind"":""round2_runner_requalification"",""capital_exit_policy"":{""giveback_seconds"":120,""grace_seconds"":120,""kind"":""round2_runner_requalification"",""liquidity_retention"":0.85,""maximum_frame_age_seconds"":15,""maximum_gap_seconds"":60,""minimum_response_move"":0.01,""minimum_span_seconds"":5,""no_progress_seconds"":180,""profit_arm_fraction"":0.2,""profit_retrace_fraction"":0.5,""progress_fraction"":0.01,""response_fraction"":0.1,""runner_seconds"":180,""version"":""open-mechanisms/20260907-v1/runner_requalification""},""exact_risk_alerts"":""shadow_only_no_trading_authority"",""exit_family"":""pattern_cost_scaleout"",""exit_mode"":""market_mark_pattern_scaleout"",""hard_stop_return"":-0.2,""max_hold_minutes"":30.0,""runner_epoch_after_partial"":true,""take_profit"":[{""fraction_of_remaining"":0.5,""return"":0.3}],""trailing_activate_return"":0.3,""trailing_drawdown"":0.15}","{""_execution"":{""additional_fee_usd_each_fill"":0.0,""buy_slippage_bps"":400,""min_pool_liquidity_usd"":1000.0,""sell_slippage_bps"":400},""execution_profile"":""dexscreener-market-paper/v2-before-after"",""notional_usd"":5.0}"
resource_age_rate_control_v1,resource_age_rate_control_v1,225,resource_delta,2026-09-07T11:07:49.157685Z,active_with_buy,different_entry_same_exit,56f1904c0a716549,1,6fac5fed6c12a779,1,resource_bound_isolated_pattern,resource_age_rate,pattern_cost_scaleout,f5dd9b22b9ee6978,27e3095214c07da1,95d277c175c3e013,,0,0,0,19,19,19,19,0,"{""dispatch"":{""contract"":""resource-bound/20260907-v1"",""control"":true,""direction"":""age_rate"",""mode"":""isolated_pattern_observer"",""path"":""resource_bound_isolated_pattern""},""fields"":{""entry_family"":""resource_age_rate"",""entry_filter"":{""contract"":""resource-bound/20260907-v1"",""control"":true,""cooling_retrace_fraction"":0.25,""direction"":""age_rate"",""max_concurrent_positions"":4,""max_gap_seconds"":60,""min_rate_acceleration"":3.0,""occupied_signal_policy"":""reject_without_queue_or_replay"",""opportunity"":""first_common_eligible_frame_per_pool""},""entry_gate"":""bounded_pattern_observer_v1"",""entry_match_mode"":""isolated_pattern_observer"",""no_historical_backfill"":true,""require_post_decision_observation"":true}}","{""exact_risk_alerts"":""shadow_only_no_trading_authority"",""exit_family"":""pattern_cost_scaleout"",""exit_mode"":""market_mark_pattern_scaleout"",""hard_stop_return"":-0.2,""max_hold_minutes"":30.0,""take_profit"":[],""trailing_activate_return"":0.3,""trailing_drawdown"":0.15}","{""execution_profile"":""dexscreener-market-paper/v2-before-after"",""notional_usd"":5.0}"
resource_age_rate_candidate_v1,resource_age_rate_candidate_v1,226,resource_delta,2026-09-07T11:07:49.157685Z,active_with_buy,different_entry_same_exit,85fe1d4e5e1369d3,1,9f26e9b54ef0f9e3,1,resource_bound_isolated_pattern,resource_age_rate,pattern_cost_scaleout,5bdf70439517f13f,27e3095214c07da1,95d277c175c3e013,,0,0,0,9,9,9,9,0,"{""dispatch"":{""contract"":""resource-bound/20260907-v1"",""control"":false,""direction"":""age_rate"",""mode"":""isolated_pattern_observer"",""path"":""resource_bound_isolated_pattern""},""fields"":{""entry_family"":""resource_age_rate"",""entry_filter"":{""contract"":""resource-bound/20260907-v1"",""control"":false,""cooling_retrace_fraction"":0.25,""direction"":""age_rate"",""max_concurrent_positions"":4,""max_gap_seconds"":60,""min_rate_acceleration"":3.0,""occupied_signal_policy"":""reject_without_queue_or_replay"",""opportunity"":""first_common_eligible_frame_per_pool""},""entry_gate"":""bounded_pattern_observer_v1"",""entry_match_mode"":""isolated_pattern_observer"",""no_historical_backfill"":true,""require_post_decision_observation"":true}}","{""exact_risk_alerts"":""shadow_only_no_trading_authority"",""exit_family"":""pattern_cost_scaleout"",""exit_mode"":""market_mark_pattern_scaleout"",""hard_stop_return"":-0.2,""max_hold_minutes"":30.0,""take_profit"":[],""trailing_activate_return"":0.3,""trailing_drawdown"":0.15}","{""execution_profile"":""dexscreener-market-paper/v2-before-after"",""notional_usd"":5.0}"
resource_cooling_hold_control_v1,resource_cooling_hold_control_v1,227,resource_delta,2026-09-07T11:07:49.157685Z,active_with_buy,different_entry_same_exit,59e7164ef4b14ff9,1,1276f2b1c754bb39,1,resource_bound_isolated_pattern,resource_cooling_hold,pattern_cost_scaleout,8a605ce9f52ea8de,27e3095214c07da1,95d277c175c3e013,,0,0,0,20,20,20,20,0,"{""dispatch"":{""contract"":""resource-bound/20260907-v1"",""control"":true,""direction"":""cooling_hold"",""mode"":""isolated_pattern_observer"",""path"":""resource_bound_isolated_pattern""},""fields"":{""entry_family"":""resource_cooling_hold"",""entry_filter"":{""contract"":""resource-bound/20260907-v1"",""control"":true,""cooling_retrace_fraction"":0.25,""direction"":""cooling_hold"",""max_concurrent_positions"":4,""max_gap_seconds"":60,""min_rate_acceleration"":3.0,""occupied_signal_policy"":""reject_without_queue_or_replay"",""opportunity"":""first_common_eligible_frame_per_pool""},""entry_gate"":""bounded_pattern_observer_v1"",""entry_match_mode"":""isolated_pattern_observer"",""no_historical_backfill"":true,""require_post_decision_observation"":true}}","{""exact_risk_alerts"":""shadow_only_no_trading_authority"",""exit_family"":""pattern_cost_scaleout"",""exit_mode"":""market_mark_pattern_scaleout"",""hard_stop_return"":-0.2,""max_hold_minutes"":30.0,""take_profit"":[],""trailing_activate_return"":0.3,""trailing_drawdown"":0.15}","{""execution_profile"":""dexscreener-market-paper/v2-before-after"",""notional_usd"":5.0}"
resource_cooling_hold_candidate_v1,resource_cooling_hold_candidate_v1,228,resource_delta,2026-09-07T11:07:49.157685Z,active_with_buy,different_entry_same_exit,bf96a2bdd9ba3670,1,6c141ebf893d2629,1,resource_bound_isolated_pattern,resource_cooling_hold,pattern_cost_scaleout,b12e3b0a9fdbeb0f,27e3095214c07da1,95d277c175c3e013,,0,0,0,8,8,8,8,0,"{""dispatch"":{""contract"":""resource-bound/20260907-v1"",""control"":false,""direction"":""cooling_hold"",""mode"":""isolated_pattern_observer"",""path"":""resource_bound_isolated_pattern""},""fields"":{""entry_family"":""resource_cooling_hold"",""entry_filter"":{""contract"":""resource-bound/20260907-v1"",""control"":false,""cooling_retrace_fraction"":0.25,""direction"":""cooling_hold"",""max_concurrent_positions"":4,""max_gap_seconds"":60,""min_rate_acceleration"":3.0,""occupied_signal_policy"":""reject_without_queue_or_replay"",""opportunity"":""first_common_eligible_frame_per_pool""},""entry_gate"":""bounded_pattern_observer_v1"",""entry_match_mode"":""isolated_pattern_observer"",""no_historical_backfill"":true,""require_post_decision_observation"":true}}","{""exact_risk_alerts"":""shadow_only_no_trading_authority"",""exit_family"":""pattern_cost_scaleout"",""exit_mode"":""market_mark_pattern_scaleout"",""hard_stop_return"":-0.2,""max_hold_minutes"":30.0,""take_profit"":[],""trailing_activate_return"":0.3,""trailing_drawdown"":0.15}","{""execution_profile"":""dexscreener-market-paper/v2-before-after"",""notional_usd"":5.0}"
resource_profit_structure_control_v1,resource_profit_structure_control_v1,229,resource_delta,2026-09-07T11:07:49.157685Z,active_with_buy,same_entry_different_exit,6123926bd1a68c5d,1,ea13c597a6376201,1,forward_pattern_isolated,conditional_runner,pattern_cost_scaleout,b714857cd377c2eb,7d46f7caf09b3141,95d277c175c3e013,,0,0,0,19,19,19,19,0,"{""dispatch"":{""contract"":""forward-patterns/v1"",""control"":false,""direction"":""conditional_runner"",""mode"":""isolated_pattern_observer"",""path"":""forward_pattern_isolated""},""fields"":{""entry_family"":""conditional_runner"",""entry_filter"":{""contract"":""forward-patterns/v1"",""control"":false,""direction"":""conditional_runner"",""max_concurrent_positions"":4,""max_gap_seconds"":60,""occupied_signal_policy"":""reject_without_queue_or_replay""},""entry_gate"":""bounded_pattern_observer_v1"",""entry_match_mode"":""isolated_pattern_observer"",""no_historical_backfill"":true,""paired_entry_group"":""resource_profit_structure_v1"",""paired_entry_size"":2,""require_post_decision_observation"":true}}","{""capital_exit_kind"":""finalist_progress_clock"",""capital_exit_policy"":{""kind"":""finalist_progress_clock"",""maximum_frame_age_seconds"":15,""maximum_gap_seconds"":60,""minimum_span_seconds"":5,""no_progress_seconds"":180,""profit_arm_fraction"":0.2,""profit_retrace_fraction"":0.5,""progress_fraction"":0.01,""version"":""all-history-finalists/20260907-v1/progress_clock""},""exact_risk_alerts"":""shadow_only_no_trading_authority"",""exit_family"":""pattern_cost_scaleout"",""exit_mode"":""market_mark_pattern_scaleout"",""hard_stop_return"":-0.2,""max_hold_minutes"":30.0,""take_profit"":[],""trailing_activate_return"":0.3,""trailing_drawdown"":0.15}","{""execution_profile"":""dexscreener-market-paper/v2-before-after"",""notional_usd"":5.0}"
resource_profit_structure_candidate_v1,resource_profit_structure_candidate_v1,230,resource_delta,2026-09-07T11:07:49.157685Z,active_with_buy,same_entry_different_exit,06dfac73f6c1535c,1,5b1e5869e83fe7ce,1,forward_pattern_isolated,conditional_runner,pattern_cost_scaleout,b714857cd377c2eb,c62b7b17b1c85a73,95d277c175c3e013,,0,0,0,19,19,19,19,0,"{""dispatch"":{""contract"":""forward-patterns/v1"",""control"":false,""direction"":""conditional_runner"",""mode"":""isolated_pattern_observer"",""path"":""forward_pattern_isolated""},""fields"":{""entry_family"":""conditional_runner"",""entry_filter"":{""contract"":""forward-patterns/v1"",""control"":false,""direction"":""conditional_runner"",""max_concurrent_positions"":4,""max_gap_seconds"":60,""occupied_signal_policy"":""reject_without_queue_or_replay""},""entry_gate"":""bounded_pattern_observer_v1"",""entry_match_mode"":""isolated_pattern_observer"",""no_historical_backfill"":true,""paired_entry_group"":""resource_profit_structure_v1"",""paired_entry_size"":2,""require_post_decision_observation"":true}}","{""capital_exit_kind"":""resource_profit_structure"",""capital_exit_policy"":{""kind"":""resource_profit_structure"",""liquidity_retention"":0.85,""maximum_frame_age_seconds"":15,""maximum_gap_seconds"":60,""minimum_span_seconds"":5,""no_progress_seconds"":180,""profit_arm_fraction"":0.2,""profit_retrace_fraction"":0.5,""progress_fraction"":0.01,""support_confirmation"":""three_observed_prices_strict_middle_low"",""version"":""resource-bound/20260907-v1/profit_structure""},""exact_risk_alerts"":""shadow_only_no_trading_authority"",""exit_family"":""pattern_cost_scaleout"",""exit_mode"":""market_mark_pattern_scaleout"",""hard_stop_return"":-0.2,""max_hold_minutes"":30.0,""take_profit"":[],""trailing_activate_return"":0.3,""trailing_drawdown"":0.15}","{""execution_profile"":""dexscreener-market-paper/v2-before-after"",""notional_usd"":5.0}"
